Date,alpha1,alpha2,alpha3,alpha4,alpha5,alpha6,alpha54
2022-05-16 00:00:00-04:00,3.5,0.37235826190961996,-0.2578753213949493,-6.0,-121716.0,-0.464002390417297,-0.3903565951326154
2022-05-17 00:00:00-04:00,4.5,0.32420707439658186,-0.2415813378343838,-7.0,-105120.0,-0.5297090932172692,-0.9374429051404901
2022-05-18 00:00:00-04:00,3.5,0.6320485256968549,-0.17817961777162453,-2.0,-21032.0,-0.5102565276407546,-0.11445050511929482
2022-05-19 00:00:00-04:00,2.5,0.6513815020566022,-0.037028038436643054,-2.0,-49296.0,-0.30266197532755085,-0.3306917156697124
2022-05-20 00:00:00-04:00,1.5,0.7213371632105029,0.18140750510754639,-1.0,-11352.0,-0.04465647549503791,-0.5773311580808307
2022-05-23 00:00:00-04:00,0.5,0.7065101932023647,0.11241278855456811,-4.0,-128805.0,0.03747324972016235,-0.8448873151695839
2022-05-24 00:00:00-04:00,3.5,0.829854237843307,0.23153849364329462,-3.0,-69158.0,0.14919255160709124,-0.8319668301235517
2022-05-25 00:00:00-04:00,4.5,0.5352868661110778,0.2663172072961835,-6.0,-67050.0,0.22466608739805802,-0.6798746982745447
2022-05-26 00:00:00-04:00,4.5,0.3039205506444576,0.18655088265417125,-8.0,-93600.0,0.10284956372644584,-0.7352947779365485
2022-05-27 00:00:00-04:00,4.5,0.24073844703339134,0.24311224091320335,-9.0,-82012.0,0.18160259747950852,-0.9002892844325937
2022-05-31 00:00:00-04:00,3.5,0.2072397360771456,0.09293054714079504,-9.0,-49742.0,0.11306618941505372,-0.45440648940611555
2022-06-01 00:00:00-04:00,2.5,0.19825660007910725,0.07872871714129503,-7.0,-76201.0,0.13535852400214649,-0.30571436966866977
2022-06-02 00:00:00-04:00,4.5,0.4421548849340393,0.24838532359291599,-7.0,-95499.0,0.2907159863996119,-0.9037380901197999
2022-06-03 00:00:00-04:00,3.5,0.4623450479473204,0.3084452317466766,-8.0,-120375.0,0.3485378996538406,-0.23257040054815648
2022-06-06 00:00:00-04:00,2.5,0.1002695883622518,0.34267125209061183,-9.0,-134652.0,0.32540579850185675,-0.21216146684249435
2022-06-07 00:00:00-04:00,1.5,0.2713572987381172,0.41723294649752024,-5.0,-119168.0,0.4097698314723663,-0.8606188483239195
2022-06-08 00:00:00-04:00,0.5,0.3910653807747267,0.3803848595710043,-8.0,-89600.0,0.36253092610806925,-0.15956646609787378
2022-06-09 00:00:00-04:00,2.5,0.49648963258032497,0.19965827654774648,-1.0,-40018.0,0.15043460834504568,0.0
2022-06-10 00:00:00-04:00,1.5,0.5316557943500957,0.5580580168888222,-1.0,-5460.0,0.7360602428667511,-0.008844297633230025
2022-06-13 00:00:00-04:00,0.5,0.6172168696334691,0.6830402250956107,-1.0,-1252.0,0.9079697896838042,-0.21302291897207423
2022-06-14 00:00:00-04:00,4.5,0.6356436782983323,0.7701275358904239,-1.0,-25760.0,0.7919961900454631,-0.4643287277082417
2022-06-15 00:00:00-04:00,4.5,0.7373699684396621,0.8708352511740962,-2.0,-9744.0,0.8195055105248862,-0.5865790923588241
2022-06-16 00:00:00-04:00,3.5,0.744194674782734,0.8922878634155184,-1.0,-7620.0,0.8262302504562218,-0.3947758319295509
2022-06-17 00:00:00-04:00,2.5,0.7469238844240471,0.8852580562331862,-1.0,-22848.0,0.7522420811695648,-0.5093427433686849
2022-06-21 00:00:00-04:00,1.5,0.7858577897448326,0.7284390904562247,-6.0,-120053.0,0.557883688714292,-0.6618928554422652
2022-06-22 00:00:00-04:00,0.5,0.6644174586229692,0.614557546125205,-4.0,-72063.0,0.3766884781235517,-0.46865041016367115
2022-06-23 00:00:00-04:00,4.5,0.8328923564459126,0.1363512084326069,-8.0,-114192.0,0.061064571069708064,-0.8541484744808213
2022-06-24 00:00:00-04:00,4.5,0.5290568978506548,-0.2482595645072969,-9.0,-49714.0,-0.2523712498102798,-0.8925575892626607
2022-06-27 00:00:00-04:00,3.5,-0.13363669769359654,0.6146706147102773,-9.0,-173116.0,0.28428089608986634,-0.3027712712336034
2022-06-28 00:00:00-04:00,2.5,-0.0962530009328284,0.6137790119445659,-7.0,-76311.0,0.5501695601644395,-0.010758067147620783
2022-06-29 00:00:00-04:00,1.5,-0.36766288275602493,0.5415728569463457,-6.0,-148221.0,0.5584729899222669,-0.504562309356417
2022-06-30 00:00:00-04:00,0.5,-0.7128179125900583,0.5394164900979483,-4.0,-19278.0,0.5832724723028924,-0.5713026686810134
2022-07-01 00:00:00-04:00,4.5,-0.7459662887881774,0.42876737397405845,-5.0,-99710.0,0.47558077356674,-0.8853669544751356
2022-07-05 00:00:00-04:00,4.5,-0.14528812323124998,0.29153545020681854,-4.0,-70761.0,0.25686837427275633,-0.9208696486107337
2022-07-06 00:00:00-04:00,4.5,-0.01355359872159009,0.34028001646943373,-6.0,-99456.0,0.3554236261581331,-0.5735304429236542
2022-07-07 00:00:00-04:00,4.5,0.4245124294291031,0.3161005653637537,-8.0,-103878.0,0.36071608491576324,-0.8294317415387956
2022-07-08 00:00:00-04:00,3.5,0.5749637763621238,0.3391607958669978,-8.0,-78368.0,0.4075219718606516,-0.5936105939731069
2022-07-11 00:00:00-04:00,2.5,0.14893310262223486,0.3302216274198227,-8.0,-82355.0,0.43955906753890633,-0.2212260503216782
2022-07-12 00:00:00-04:00,1.5,0.41317583880333747,0.24879311079984565,-5.0,-71820.0,0.4021935921870227,-0.2662669604414196
2022-07-13 00:00:00-04:00,0.5,-0.3923879230647639,0.6659737066742221,-4.0,-34362.0,0.6890102961780128,-0.5466516751965822
2022-07-14 00:00:00-04:00,0.5,-0.5403126085544561,0.7454973162286518,-1.0,-33072.0,0.7248178834939691,-0.809982192175774
2022-07-15 00:00:00-04:00,4.5,-0.826717893695142,0.7578139725205811,-6.0,-41820.0,0.8149478559363946,-0.9423156550082943
2022-07-18 00:00:00-04:00,3.5,-0.8936802103549215,0.7975154901826939,-6.0,-60564.0,0.8558263211870646,-0.16634780048613318
2022-07-19 00:00:00-04:00,4.5,-0.7997775436366303,0.6828424871400474,-8.0,-36068.0,0.7573015959714092,-0.8494687113453341
2022-07-20 00:00:00-04:00,4.5,-0.7882021312143469,0.5832193509141099,-9.0,-46046.0,0.6645776018364999,-0.6945116779911957
2022-07-21 00:00:00-04:00,4.5,-0.6189485785423585,0.6355722603276451,-9.0,-57962.0,0.6919524312261596,-0.9367418365970294
2022-07-22 00:00:00-04:00,3.5,-0.362414862199217,0.481700218397195,-9.0,-45936.0,0.5788332897190902,-0.33050326144246966
2022-07-25 00:00:00-04:00,2.5,-0.3843085647854677,0.6538120986636967,-9.0,-64125.0,0.7129927594620333,-0.7255775939528436
2022-07-26 00:00:00-04:00,1.5,-0.30789630464384554,0.7725971749727747,-5.0,-52360.0,0.7892166098440896,-0.23747337194763757
2022-07-27 00:00:00-04:00,4.5,-0.5256201862525701,0.6073828413189252,-9.0,-24084.0,0.6256811005490241,-0.7278512391469545
2022-07-28 00:00:00-04:00,4.5,-0.5822378755241864,0.22813015003754722,-9.0,-27145.0,0.23091781537457487,-0.8694440296203055
2022-07-29 00:00:00-04:00,4.5,-0.796450085524035,-0.3790452557572587,-9.0,-17169.0,-0.3395471258937267,-0.7901808944064956
2022-08-01 00:00:00-04:00,3.5,-0.9225596211750031,-0.23258494986492562,-9.0,-37962.0,-0.21876125991014644,-0.4637971675740743
2022-08-02 00:00:00-04:00,2.5,-0.9310252467525881,-0.27101163199308476,-8.0,-34935.0,-0.28995358311952435,-0.2032655216147669
2022-08-03 00:00:00-04:00,4.5,-0.8656145582137263,-0.2603543194769031,-9.0,-28860.0,-0.297957219922814,-0.7450066735169603
2022-08-04 00:00:00-04:00,3.5,-0.8905148088082429,0.07307533905552675,-9.0,-24900.0,0.09421205332209093,-0.6544134674082744
2022-08-05 00:00:00-04:00,2.5,-0.8612120039684399,0.10947465764650414,-7.0,-18819.0,0.11534338793160086,-0.8120784418918238
2022-08-08 00:00:00-04:00,1.5,-0.02213122610311689,0.37002988723879704,-8.0,-19908.0,0.3667185291990177,-0.20588785686931282
2022-08-09 00:00:00-04:00,0.5,-0.055887437611059486,0.7496801960829198,-7.0,-14970.0,0.7374278602617126,-0.45138567177907085
2022-08-10 00:00:00-04:00,4.5,-0.0008490781825630261,0.4525098634869222,-9.0,-8875.0,0.48320380156129195,-0.9424394120918071
2022-08-11 00:00:00-04:00,3.5,0.31201149809923845,0.3644212361528853,-9.0,-8436.0,0.3301682479066273,-0.14081087993847516
2022-08-12 00:00:00-04:00,4.5,0.49558310755356,0.10216178894592198,-9.0,-5551.0,0.030692675493665608,-0.925273192350772
2022-08-15 00:00:00-04:00,4.5,0.45176254876630584,0.01350845383769486,-9.0,-1888.0,-0.03286331270173406,-0.8416663536377708
2022-08-16 00:00:00-04:00,4.5,0.38008503360407525,-0.06997436087987988,-9.0,-894.0,-0.17599370302801437,-0.5682372966250896
2022-08-17 00:00:00-04:00,3.5,0.8742447304987316,-0.46539561347975,-7.0,-409.0,-0.5196103534452141,-0.4217246603294501
2022-08-18 00:00:00-04:00,2.5,0.7854788280161403,-0.2526645627289022,-8.0,-1479.0,-0.24978983833013957,-0.7592917585836041
2022-08-19 00:00:00-04:00,1.5,0.5669750031676308,-0.3227196517669913,-5.0,-2928.0,-0.34999770289487914,-0.2354896341430458
2022-08-22 00:00:00-04:00,0.5,0.7359425623018128,0.12154305316748214,-1.0,-4437.0,0.015790148588018322,-0.20565124381178998
2022-08-23 00:00:00-04:00,1.5,0.457367008840605,0.17432246208827507,-1.0,-9840.0,0.14732624776406725,-0.1599703062610284
2022-08-24 00:00:00-04:00,0.5,0.6631002628386917,-0.09378292856939202,-1.0,-5892.0,-0.16671479511331636,-0.6014376071027838
2022-08-25 00:00:00-04:00,4.5,0.4727788229469395,-0.17267250547269866,-4.0,-3381.0,-0.23964640189831077,-0.9414497856767123
2022-08-26 00:00:00-04:00,3.5,0.6161502516372508,-0.10763941730456605,-1.0,-1376.0,-0.06683062757715347,-0.0048381018461397226
2022-08-29 00:00:00-04:00,2.5,0.5646503641604381,-0.1114766088376057,-1.0,-8970.0,-0.05366811383607107,-0.30654697389507635
2022-08-30 00:00:00-04:00,1.5,0.2600726428831359,0.061603080957223576,-1.0,-7141.0,0.10806326661700486,-0.2927149836410857
2022-08-31 00:00:00-04:00,0.5,0.3573934815128506,0.11291038982780605,-1.0,-12169.0,0.16572696292943018,-0.023968095696103944
2022-09-01 00:00:00-04:00,4.5,0.2995801417999961,0.0872517845493008,-1.0,-16932.0,0.08877219019853293,-0.9051881102383555
2022-09-02 00:00:00-04:00,3.5,0.3590034674034072,0.17257743596614739,-2.0,-10403.0,0.19796695902826003,-0.18824095636262192
2022-09-06 00:00:00-04:00,2.5,0.159922536585997,0.23238291452752566,-1.0,-27674.0,0.24268783405949157,-0.4231283428345722
2022-09-07 00:00:00-04:00,4.5,0.6775850575852275,0.07290918893376469,-3.0,-50358.0,0.07909297658810416,-0.8230163244184109
2022-09-08 00:00:00-04:00,4.5,0.745409613909549,-0.0739752222688999,-5.0,-54054.0,-0.09906961503212011,-0.8723330503682553
2022-09-09 00:00:00-04:00,4.5,0.6126253566817147,-0.5578231059516012,-9.0,-78064.0,-0.6217313962909171,-0.7816202399563278
2022-09-12 00:00:00-04:00,4.5,0.5997701855751404,0.053210007534877174,-9.0,-88044.0,0.028323682237110636,-0.7473476035899023
2022-09-13 00:00:00-04:00,3.5,0.6588514478818241,-0.15440156304513913,-5.0,-10880.0,-0.1868763880093072,-0.11779700648352898
2022-09-14 00:00:00-04:00,2.5,0.7974120863022682,-0.085634168862685,-5.0,-63717.0,-0.1721075837753773,-0.6839115066800481
2022-09-15 00:00:00-04:00,1.5,0.14348302820360043,-0.057258988276214166,-2.0,-57263.0,-0.17302300049886507,-0.19352195295156396
2022-09-16 00:00:00-04:00,0.5,0.1159522588944542,0.18163926690973214,-1.0,-30972.0,0.07361088783764877,-0.8181004898776766
2022-09-19 00:00:00-04:00,1.5,0.3404899589330772,0.10229833456656119,-2.0,-99775.0,-0.011726121007942292,-0.9216368577018111
2022-09-20 00:00:00-04:00,0.5,0.1512375168784592,0.07415054372837096,-1.0,-86655.0,-0.049596733185657625,-0.5948519671780939
2022-09-21 00:00:00-04:00,2.5,0.11810196316346876,0.23771270376360468,-1.0,-25480.0,0.09873412771216776,-0.0009405607964288723
2022-09-22 00:00:00-04:00,1.5,0.20828211877573627,0.2572402100446139,-1.0,-59892.0,0.08166849848321348,-0.16561900134132954
2022-09-23 00:00:00-04:00,0.5,0.4788394961190425,0.323181951090358,-1.0,-13825.0,0.27810867537938017,-0.6587926979172511
2022-09-26 00:00:00-04:00,4.5,0.6657322194543889,-0.09110666743379421,-1.0,-58236.0,-0.04756329393731073,-0.1834706998781482
2022-09-27 00:00:00-04:00,4.5,0.5986217941820786,0.39896660916708954,-1.0,-26019.0,0.4676585373559876,-0.2806302442299316
2022-09-28 00:00:00-04:00,4.5,-0.1638577679045128,0.4303513825473312,-2.0,-25606.0,0.5005817679711484,-0.7518958422938457
2022-09-29 00:00:00-04:00,3.5,-0.5890179396907785,0.48180239046831697,-1.0,-22450.0,0.5171899853637348,-0.4406264482676514
2022-09-30 00:00:00-04:00,2.5,-0.2886169246903584,0.6206845773838294,-1.0,-3656.0,0.6755702048268554,-0.016829164037826912
2022-10-03 00:00:00-04:00,1.5,0.2501322172840142,0.4678788799421394,-2.0,-72996.0,0.4441039328311343,-0.7343114420798862
2022-10-04 00:00:00-04:00,4.5,0.4498075092907299,0.05832657891070575,-8.0,-39480.0,0.25386501083523383,-0.9260199270746045
2022-10-05 00:00:00-04:00,3.5,0.5924076604866374,0.38455761091125923,-9.0,-79857.0,0.43062064465416167,-0.6867951021565113
2022-10-06 00:00:00-04:00,2.5,0.6333863411355946,0.5075287051511951,-9.0,-103712.0,0.4685681344185324,-0.08892366820869459
2022-10-07 00:00:00-04:00,1.5,0.6930721784060045,0.5867727088242428,-5.0,-30360.0,0.5392453011010797,-0.1629989054966661
2022-10-10 00:00:00-04:00,0.5,0.5460000212538638,0.24408515104960307,-2.0,-128310.0,0.3896388305225385,-0.3794217479114776
2022-10-11 00:00:00-04:00,0.5,0.4718610309515602,0.2036200454192988,-1.0,-62967.0,0.25897180531152414,-0.27926539849934146
2022-10-12 00:00:00-04:00,0.5,0.11193785212793451,-0.0204668618764283,-2.0,-115508.0,0.066776505292118,-0.07554880723074846
2022-10-13 00:00:00-04:00,4.5,-0.577595307921664,0.12154218968404025,-1.0,-4906.0,0.41857411741743866,-0.7282582814334935
2022-10-14 00:00:00-04:00,3.5,-0.2427044808422605,-0.011262525557638976,-4.0,-13920.0,0.36653009263462016,-0.05855224214999467
2022-10-17 00:00:00-04:00,4.5,0.09658750676375702,0.009598306448707846,-5.0,-58520.0,0.39163225887624004,-0.8579580353558509
2022-10-18 00:00:00-04:00,4.5,0.0055364264299582145,0.008876507449640258,-8.0,-48063.0,0.4074829915483904,-0.4803008225245067
2022-10-19 00:00:00-04:00,3.5,0.006205601903637744,0.01889207274280883,-8.0,-102425.0,0.40596116092300005,-0.47137599857583395
2022-10-20 00:00:00-04:00,2.5,-0.03260437556101438,-0.15985441452411353,-7.0,-73100.0,0.3635306530428228,-0.10286729276264178
2022-10-21 00:00:00-04:00,4.5,-0.0395384167820074,-0.08690177857045647,-6.0,-11100.0,0.345008558981406,-0.843349882265236
2022-10-24 00:00:00-04:00,4.5,-0.4980188787739748,0.1511101492317016,-9.0,-87750.0,0.4262241925617251,-0.7966921456767794
2022-10-25 00:00:00-04:00,4.5,-0.3622433086335333,0.3417941321306975,-9.0,-108927.0,0.5553655484614253,-0.8765871974116798
2022-10-26 00:00:00-04:00,3.5,-0.14794562197823963,0.3730181498540527,-9.0,-34504.0,0.6702048608288257,-0.1069799053236587
2022-10-27 00:00:00-04:00,2.5,-0.008883238535391393,0.34802884137361867,-8.0,-96276.0,0.41546163355065263,-0.11938027533499629
2022-10-28 00:00:00-04:00,4.5,0.16881838399197108,0.1854455895391035,-8.0,-38446.0,0.2991621794512681,-0.8426886389045036
2022-10-31 00:00:00-04:00,3.5,0.6364981696769613,0.00858820272243025,-9.0,-46556.0,0.28152670432993054,-0.30344545507916665
2022-11-01 00:00:00-04:00,2.5,0.33449752717535675,0.10509959438690002,-8.0,-79380.0,0.32403604896027033,-0.1862719095324919
2022-11-02 00:00:00-04:00,1.5,0.08634608075927488,0.14808480774194183,-3.0,-11414.0,0.28321413306267507,-0.008931937232466903
2022-11-03 00:00:00-04:00,0.5,0.18854341893159102,0.15769541598145329,-1.0,-76736.0,0.320330309078738,-0.41290130507917083
2022-11-04 00:00:00-04:00,4.5,0.14860357547459146,-0.08729456022456619,-2.0,-35700.0,-0.15919622039799677,-0.7221008827870059
2022-11-07 00:00:00-05:00,4.5,0.4830325528294866,-0.1688232818223807,-4.0,-145886.0,-0.19244450779541877,-0.8514367044927343
2022-11-08 00:00:00-05:00,4.5,0.6574254281321894,-0.12667518826369492,-5.0,-83028.0,-0.15490470378003338,-0.5716722453867981
2022-11-09 00:00:00-05:00,3.5,0.9002936207363099,-0.17046948140231855,-3.0,-98940.0,-0.16764136692056586,-0.07458099752923911
2022-11-10 00:00:00-05:00,4.5,-0.15380776914347247,-0.3380653529896659,-9.0,-7123.0,-0.41218211168106567,-0.8844599324569086
2022-11-11 00:00:00-05:00,4.5,-0.25595827260356974,-0.33759048184875623,-9.0,-53406.0,-0.30415905880951105,-0.8228394633135879
2022-11-14 00:00:00-05:00,3.5,-0.35611236047478934,0.016145757801884517,-9.0,-125440.0,-0.07146673478822974,-0.05527179076897164
2022-11-15 00:00:00-05:00,2.5,-0.46518234188604385,-0.06998666720022927,-8.0,-52404.0,-0.07440231683949444,-0.5288100466610204
2022-11-16 00:00:00-05:00,1.5,-0.5816671412630913,0.04996619538469365,-8.0,-128160.0,0.015829546736620154,-0.22447473511218918
2022-11-17 00:00:00-05:00,0.5,-0.5307581026136027,0.022867685996530905,-5.0,-103108.0,0.053041900363302016,-0.8122986658796274
2022-11-18 00:00:00-05:00,1.5,0.014489588584632312,-0.21284994870659693,-5.0,-46169.0,-0.09301758110147296,-0.6404839668933028
2022-11-21 00:00:00-05:00,0.5,0.35180150964733164,0.05485709896739705,-4.0,-137370.0,0.1306439586860548,-0.6111436643158057
2022-11-22 00:00:00-05:00,4.5,0.7035956733095028,0.07856413603982282,-9.0,-109436.0,0.2010891363242573,-0.9266125127841612
2022-11-23 00:00:00-05:00,4.5,0.3119100913180934,0.1795604939434366,-9.0,-84579.0,0.4414898484180944,-0.8289195315955089
2022-11-25 00:00:00-05:00,3.5,0.2208353710866892,0.025476616375034792,-9.0,-22044.0,0.16334041218430034,-0.5730541911718453
2022-11-28 00:00:00-05:00,2.5,0.22687854504524185,-0.029951262073885213,-6.0,-12144.0,0.10713887915941905,-0.1460817534855628
2022-11-29 00:00:00-05:00,1.5,0.18956262123688986,-0.0778568001846106,-4.0,-10059.0,0.06132860550928958,-0.48753184180488174
2022-11-30 00:00:00-05:00,4.5,-0.11224598121195446,0.23531019532819514,-5.0,-364.0,0.30250078350184634,-0.8591727372127084
2022-12-01 00:00:00-05:00,3.5,-0.24587636782622638,0.06327738504220529,-9.0,-9452.0,0.1517799447579423,-0.5095581156790215
2022-12-02 00:00:00-05:00,2.5,0.16349344354697615,-0.07062792454133926,-8.0,-7722.0,0.11939001077596298,-0.787248793665041
2022-12-05 00:00:00-05:00,1.5,0.10784491487143423,-0.18622573018633717,-5.0,-8448.0,0.06731377249775027,-0.22177002567512755
2022-12-06 00:00:00-05:00,0.5,0.024203575086322038,-0.04022852156569592,-1.0,-12642.0,0.18746628464589396,-0.28142232578284043
2022-12-07 00:00:00-05:00,0.5,-0.021311032114475995,-0.0446324074622271,-2.0,-20790.0,0.1580283238680373,-0.32334396869304916
2022-12-08 00:00:00-05:00,4.5,0.6771096221647577,-0.12810273062115618,-3.0,-20880.0,0.10070472292895134,-0.7161388679082454
2022-12-09 00:00:00-05:00,3.5,0.766414357080144,-0.19964692916129684,-3.0,-44916.0,0.023580598308155207,-0.029702865297498954
2022-12-12 00:00:00-05:00,4.5,-0.13625073331282284,-0.20162506610063333,-5.0,-62565.0,0.002276775029218063,-0.9407945198394737
2022-12-13 00:00:00-05:00,4.5,0.19199174259726323,-0.39883148563738047,-7.0,-9889.0,-0.24060708189717395,-0.2810914086686267
2022-12-14 00:00:00-05:00,3.5,0.45114407894898995,-0.6412692988401663,-6.0,-18720.0,-0.635571474372448,-0.3456404642642325
2022-12-15 00:00:00-05:00,2.5,0.25586062574408525,-0.5304805715933559,-1.0,-14362.0,-0.5272762064959892,-0.25092371533782853
2022-12-16 00:00:00-05:00,1.5,-0.08688776569075037,-0.22635133668123963,-1.0,-14079.0,-0.17416506587368966,-0.4126554151960515
2022-12-19 00:00:00-05:00,0.5,-0.2199816939025486,-0.30998774196477086,-1.0,-87713.0,-0.31017338033919556,-0.3285951470543168
2022-12-20 00:00:00-05:00,4.5,0.5526030528328373,-0.4002724224067173,-1.0,-107341.0,-0.42404165313835107,-0.6036566019215529
2022-12-21 00:00:00-05:00,4.5,0.20353159006610708,-0.4418867378050878,-4.0,-96889.0,-0.47822413415040343,-0.7215109635383444
2022-12-22 00:00:00-05:00,3.5,0.21115698843745967,-0.5267224888397024,-1.0,-39360.0,-0.5534200559982083,-0.536216949740124
2022-12-23 00:00:00-05:00,2.5,0.34168891930386686,-0.6163913725426501,-3.0,-169785.0,-0.6632960204995558,-0.9295779212238304
2022-12-27 00:00:00-05:00,1.5,0.07613787687506009,-0.6438949906675234,-5.0,-166907.0,-0.7093246166578041,-0.5091779201479143
2022-12-28 00:00:00-05:00,0.5,0.47722177707988556,-0.6366330689715387,-2.0,-95448.0,-0.6593132492209143,-0.03661996922521425
2022-12-29 00:00:00-05:00,4.5,0.11779383047375913,-0.7030638148478761,-6.0,-91368.0,-0.7386522534336895,-0.7870302119669628
2022-12-30 00:00:00-05:00,3.5,0.04440316248380855,-0.5753051770745177,-6.0,-43890.0,-0.6031810372013308,-0.9415101678087778
2023-01-03 00:00:00-05:00,2.5,-0.029289149115590676,-0.308456829693911,-3.0,-47040.0,-0.2810605829511905,-0.36418667266054233
2023-01-04 00:00:00-05:00,4.5,-0.32399687087892903,-0.3236245524146331,-8.0,-31920.0,-0.30812871540843656,-0.6346391031715569
2023-01-05 00:00:00-05:00,3.5,-0.46128645171034194,-0.3507029258852534,-6.0,-46268.0,-0.3425145455666985,-0.2075830266493812
2023-01-06 00:00:00-05:00,4.5,-0.7343050789411619,-0.3448890350788079,-7.0,-15022.0,-0.36155275661738695,-0.8207267183991849
2023-01-09 00:00:00-05:00,3.5,-0.7113820556736593,-0.12841557731373252,-9.0,-51376.0,-0.11794282931738236,-0.03253714623371375
2023-01-10 00:00:00-05:00,4.5,0.23126506822593038,0.12977187802713488,-8.0,-73117.0,0.11003158188075235,-0.9427784153176626
2023-01-11 00:00:00-05:00,4.5,0.1329748694387157,0.3102838891524767,-9.0,-81432.0,0.30007789668516005,-0.9409098505797385
2023-01-12 00:00:00-05:00,4.5,0.16924812164044623,-0.016265717799111696,-9.0,-40920.0,0.03710375579112261,-0.7452120793480557
2023-01-13 00:00:00-05:00,4.5,0.19976512801127205,0.3213535496068529,-9.0,-103936.0,0.33685893958100804,-0.842307988443471
2023-01-17 00:00:00-05:00,3.5,0.17381677698300418,0.4366789916869342,-9.0,-90470.0,0.4407801129754035,-0.2259772175537301
2023-01-18 00:00:00-05:00,2.5,0.5399454250436821,0.1378144404081513,-5.0,-24500.0,0.1535154522718655,-0.02612553422966526
2023-01-19 00:00:00-05:00,1.5,0.4792105788666483,0.09949836656551336,-3.0,-44322.0,0.11712639479589768,-0.36461867817811777
2023-01-20 00:00:00-05:00,0.5,0.4891395569883674,0.16010315834261862,-4.0,-39690.0,0.19907780515972884,-0.9096917097981408
2023-01-23 00:00:00-05:00,4.5,0.5096444520349311,-0.18854895764740753,-8.0,-50752.0,-0.23973022931252835,-0.674609048174481
2023-01-24 00:00:00-05:00,3.5,0.48072441760815454,0.03009968379083234,-9.0,-96131.0,-0.020756057671899645,-0.7173991321622368
2023-01-25 00:00:00-05:00,2.5,0.6758091150629706,0.20856898719012246,-6.0,-50500.0,0.16544723444528467,-0.8998576729642055
2023-01-26 00:00:00-05:00,4.5,0.40725514955110204,0.3449372194242479,-9.0,-81786.0,0.31207051264108165,-0.9460700252471541
2023-01-27 00:00:00-05:00,4.5,-0.3020233286347773,0.42416822019051326,-9.0,-81000.0,0.39716530839018505,-0.4628760013335097
2023-01-30 00:00:00-05:00,3.5,0.046978291175820155,0.5532507120713483,-8.0,-72541.0,0.5283346881538024,-0.06569960117802269
2023-01-31 00:00:00-05:00,4.5,-0.18413306195548118,0.5105345649584537,-8.0,-49583.0,0.5044961838143264,-0.9277785672028332
2023-02-01 00:00:00-05:00,4.5,-0.32612761263029205,0.32415368976023745,-8.0,-25298.0,0.2428836112968225,-0.6970399615071066
2023-02-02 00:00:00-05:00,4.5,-0.4070372628717297,-0.1676044949294278,-9.0,-26730.0,-0.24229970229087358,-0.7018399358965042
2023-02-03 00:00:00-05:00,3.5,-0.46572190404751,-0.49036020139178554,-8.0,-38000.0,-0.5511915890719535,-0.2123196801986766
2023-02-06 00:00:00-05:00,2.5,-0.6550836132591646,-0.3315211005527275,-7.0,-114931.0,-0.38517370553309516,-0.5420487557227918
2023-02-07 00:00:00-05:00,1.5,-0.7748954920940689,-0.2346860826812422,-6.0,-48195.0,-0.29514653704665716,-0.7911930053514152
2023-02-08 00:00:00-05:00,0.5,-0.178162751951868,-0.26354144783282357,-7.0,-83979.0,-0.29208824617460843,-0.161305587765666
2023-02-09 00:00:00-05:00,2.5,-0.07452838541788942,-0.1526882806523461,-4.0,-78000.0,-0.1628166820146346,-0.1597364270905467
2023-02-10 00:00:00-05:00,1.5,0.0678039862782428,-0.09179150687372833,-3.0,-105258.0,-0.10606569610121641,-0.8600361328442208
2023-02-13 00:00:00-05:00,0.5,0.16256819098066436,-0.02164252886231358,-6.0,-116820.0,-0.024411262939753618,-0.9230462605014406
2023-02-14 00:00:00-05:00,3.5,0.2161650365891745,-0.145236962115799,-6.0,-50531.0,-0.13052030764397068,-0.6208608507631798
2023-02-15 00:00:00-05:00,4.5,0.23432039633547352,-0.4605884453484586,-7.0,-103200.0,-0.47855584893838304,-0.9402438591556309
2023-02-16 00:00:00-05:00,3.5,-0.1692476059235676,-0.2628487961959128,-5.0,-57684.0,-0.2726694617291121,-0.029530599561994674
2023-02-17 00:00:00-05:00,2.5,0.17477032559538347,-0.0014983537104517025,-1.0,-32600.0,0.029780155597907563,-0.9141581807324881
2023-02-21 00:00:00-05:00,1.5,0.18304984539217853,0.08933641395325756,-1.0,-54366.0,0.12146674757596872,-0.053125057566828206
2023-02-22 00:00:00-05:00,0.5,-0.230325110561585,0.21808301137829939,-1.0,-50032.0,0.2532484397838541,-0.3744023845588192
2023-02-23 00:00:00-05:00,4.5,-0.05115588971917261,0.3567168778933384,-1.0,-30972.0,0.41891861840700506,-0.7495374807339137
2023-02-24 00:00:00-05:00,3.5,-0.5608351413644744,0.64964735012306,-1.0,-18496.0,0.7078163732512571,-0.7498564206965627
2023-02-27 00:00:00-05:00,2.5,-0.7199660507146293,0.6365973054001647,-3.0,-72850.0,0.6661203715184218,-0.22173106855751762
2023-02-28 00:00:00-05:00,1.5,-0.5049763369301185,0.64297653951043,-2.0,-40128.0,0.6662877560641041,-0.0355810984193088
2023-03-01 00:00:00-05:00,0.5,-0.7413286546456954,0.8214688275709833,-1.0,-35838.0,0.8257281078793512,-0.41437084371539895
2023-03-02 00:00:00-05:00,4.5,0.045702583192015665,0.5483955576372039,-1.0,-76814.0,0.5340686614651048,-0.8074927542356092
2023-03-03 00:00:00-05:00,4.5,0.11622770855677204,0.3325541229913827,-9.0,-62244.0,0.35301296213380146,-0.9004235258108924
2023-03-06 00:00:00-05:00,4.5,0.13858022311749932,0.5630037639355777,-9.0,-119808.0,0.5809347539540507,-0.13467982667416856
2023-03-07 00:00:00-05:00,3.5,0.5803626996690292,0.2562083498646023,-7.0,-24862.0,0.19619223230386443,-0.09814570633850504
2023-03-08 00:00:00-05:00,2.5,0.6917405662337901,0.17769808781345187,-5.0,-115736.0,0.14846756564743338,-0.7418537395728095
2023-03-09 00:00:00-05:00,1.5,0.7175626567705213,0.17081778667379824,-1.0,-21306.0,0.12402179800897332,-0.10430821383366254
2023-03-10 00:00:00-05:00,0.5,0.6493706862896497,0.3459845955226611,-1.0,-428.0,0.5290832010710572,-0.19201804846901302
2023-03-13 00:00:00-04:00,1.5,0.03171826953986171,0.483620464020744,-1.0,-2736.0,0.6519047320212923,-0.46170399597784184
2023-03-14 00:00:00-04:00,0.5,0.26933309196060273,0.5342225330758891,-3.0,-4640.0,0.6811558498361534,-0.7198422645771484
2023-03-15 00:00:00-04:00,3.5,0.22048776974442932,0.5887497304531155,-2.0,-944.0,0.743498405876869,-0.9224339371163269
2023-03-16 00:00:00-04:00,4.5,0.31688510265393943,0.6669814803232204,-4.0,-7140.0,0.8076723203413688,-0.8566998448591472
2023-03-17 00:00:00-04:00,3.5,0.0924841972130903,0.6383701997928355,-6.0,-9101.0,0.7900149790584328,-0.2565178604795711
2023-03-20 00:00:00-04:00,2.5,-0.40734428820430557,0.450576610303916,-8.0,-64856.0,0.6513857066372666,-0.8621932433397489
2023-03-21 00:00:00-04:00,4.5,-0.3139529933815759,0.609258514269165,-9.0,-71669.0,0.7005056285841252,-0.851404469897451
2023-03-22 00:00:00-04:00,3.5,0.2537607022151979,0.5380372588300023,-8.0,-26785.0,0.6670643946155582,-0.004171665398674709
2023-03-23 00:00:00-04:00,2.5,0.5323745320661528,0.5520480659034434,-7.0,-20008.0,0.6542203770285031,-0.3232144954650584
2023-03-24 00:00:00-04:00,1.5,0.5758718302863144,0.5568991849648922,-5.0,-32294.0,0.7473971933053267,-0.9382688790204926
2023-03-27 00:00:00-04:00,0.5,0.519753380773705,0.5908558662343578,-8.0,-143925.0,0.7648703417660178,-0.28251857821784504
2023-03-28 00:00:00-04:00,3.5,0.3663167484214546,0.5000581225335546,-7.0,-190854.0,0.7299272465833957,-0.6836139367834031
2023-03-29 00:00:00-04:00,4.5,0.13927280744802517,0.4899488715771688,-9.0,-115804.0,0.6163967248457567,-0.8983221397083023
2023-03-30 00:00:00-04:00,4.5,-0.0937587953702279,0.5216629123511082,-9.0,-134160.0,0.5117808571013329,-0.7526616870765904
2023-03-31 00:00:00-04:00,4.5,-0.6967676114965247,0.20096242450171647,-9.0,-19760.0,0.16348552887127438,-0.8867550303996103
2023-04-03 00:00:00-04:00,4.5,-0.7541297998530434,0.36551403222934054,-9.0,-132804.0,0.36020152287795487,-0.8349951076240227
2023-04-04 00:00:00-04:00,3.5,-0.7691401167563703,0.46675340105232854,-8.0,-122094.0,0.46115404468444104,-0.3167477447181887
2023-04-05 00:00:00-04:00,2.5,-0.7922331223014649,0.529585305293122,-7.0,-105324.0,0.5012217578706228,-0.6122508412025264
2023-04-06 00:00:00-04:00,1.5,-0.7204535702243408,0.44749410845661053,-6.0,-78551.0,0.41779271564136494,-0.896689497033826
2023-04-10 00:00:00-04:00,0.5,-0.8388165392451384,0.1253101479655079,-7.0,-54672.0,0.10263564061791725,-0.9431785820414097
2023-04-11 00:00:00-04:00,4.5,-0.7488869719988355,0.19229775379822675,-9.0,-46830.0,0.17483388548476841,-0.3563190257656015
2023-04-12 00:00:00-04:00,3.5,-0.011838303415734216,0.21478176217585146,-7.0,-25715.0,0.2574440697972271,-0.13511114776383015
2023-04-13 00:00:00-04:00,4.5,0.03925462248712093,0.07688119324371888,-7.0,-29032.0,0.22151604439841088,-0.8891540977883993
2023-04-14 00:00:00-04:00,3.5,-0.0171671564951317,0.03167770767717678,-9.0,-42240.0,0.240289935732344,-0.47916396336270756
2023-04-17 00:00:00-04:00,4.5,0.05897646159493985,-0.4003893478872308,-9.0,-42560.0,-0.3967247240052007,-0.9743453813123885
2023-04-18 00:00:00-04:00,4.5,-0.08425245695455043,-0.18490789376494732,-9.0,-43460.0,-0.15718136472395167,-0.49448872382606096
2023-04-19 00:00:00-04:00,3.5,0.03362510293153391,-0.0985341332603685,-8.0,-37360.0,-0.06765693839829463,-0.6625163781005657
2023-04-20 00:00:00-04:00,2.5,-0.47830506296281583,-0.06518093865918106,-6.0,-27930.0,-0.04018051170408727,-0.4655837845957111
2023-04-21 00:00:00-04:00,1.5,0.1757559324479009,0.042731433499356375,-5.0,-35496.0,0.06257791498810583,-0.8086729453419106
2023-04-24 00:00:00-04:00,0.5,0.2331903893341206,0.3621007725735744,-6.0,-47318.0,0.32451424563237685,-0.8155073998462061
2023-04-25 00:00:00-04:00,3.5,0.41770522311144487,0.6446159555853077,-1.0,-19116.0,0.584302366258608,-0.01233389288598244
2023-04-26 00:00:00-04:00,2.5,0.7313506544461931,0.5944441063053479,-1.0,-39078.0,0.5471172054864415,-0.14707164727060762
2023-04-27 00:00:00-04:00,1.5,0.6630203925451521,0.6594879711656462,-3.0,-24344.0,0.6241489198926471,-0.8920564147590472
2023-04-28 00:00:00-04:00,4.5,0.598915406689794,0.6668008024769877,-7.0,-31104.0,0.6037198391330316,-0.945649539125631
2023-05-01 00:00:00-04:00,3.5,0.3493361991511903,0.6969120367069881,-9.0,-78070.0,0.6448923777737071,-0.10208706202669615
2023-05-02 00:00:00-04:00,2.5,0.40531479237972057,0.34369486051643255,-4.0,-18634.0,0.23941141620017892,-0.45246018156797124
2023-05-03 00:00:00-04:00,1.5,0.4112102236992472,0.30849754701106563,-4.0,-45436.0,0.20988140065453117,-0.042688683266600996
2023-05-04 00:00:00-04:00,0.5,0.2573348001566386,0.386952111993614,-1.0,-41168.0,0.2933800176687901,-0.40259768990040984
2023-05-05 00:00:00-04:00,4.5,0.2493885898020309,0.3630968886489743,-7.0,-60028.0,0.2658758330401139,-0.7506611158731578
2023-05-08 00:00:00-04:00,4.5,0.4291780745963084,0.43689341618334254,-7.0,-152604.0,0.32867618793789616,-0.7469747354133215
2023-05-09 00:00:00-04:00,3.5,0.3925234860070652,0.39165528844073244,-6.0,-109270.0,0.3090669798597243,-0.17183993214373794
2023-05-10 00:00:00-04:00,4.5,0.30974664887834547,0.311823998466871,-5.0,-28084.0,0.24363457988972353,-0.7107402888183589
2023-05-11 00:00:00-04:00,3.5,0.027683946562413023,0.24618046454694364,-6.0,-68478.0,0.16995348630180301,-0.8761375986074682
2023-05-12 00:00:00-04:00,2.5,-0.08523945838185722,0.2578656634250429,-6.0,-57955.0,0.18222693503094206,-0.5637871608206584
2023-05-15 00:00:00-04:00,4.5,0.08769984701027964,0.17966264743858504,-7.0,-70650.0,0.08909885989347786,-0.8604775146802458
2023-05-16 00:00:00-04:00,3.5,-0.0031599701409554385,0.3897716982540522,-7.0,-40216.0,0.3771772217798069,-0.003956456325296622
2023-05-17 00:00:00-04:00,4.5,-0.40647279492557115,0.31172589219334956,-7.0,-14350.0,0.3385589924283513,-0.8492403601736473
2023-05-18 00:00:00-04:00,4.5,-0.7678361103674306,-0.22684183403838737,-9.0,-9240.0,-0.24807354562568915,-0.865864482961777
2023-05-19 00:00:00-04:00,3.5,-0.7026152433352687,-0.7289978995708488,-9.0,-8200.0,-0.7217816399446484,-0.38388056361719997
2023-05-22 00:00:00-04:00,2.5,-0.5873884834078463,-0.5219928789231179,-8.0,-56420.0,-0.4927531960910654,-0.4728360164769776
2023-05-23 00:00:00-04:00,1.5,-0.7021757525750751,-0.444475491291937,-6.0,-39618.0,-0.4286427385150567,-0.08432949957694248
2023-05-24 00:00:00-04:00,0.5,-0.49421195919814853,-0.41291638102972605,-2.0,-32636.0,-0.40943274770635796,-0.41826230805832004
2023-05-25 00:00:00-04:00,1.5,-0.3757627441768988,-0.3790711081521618,-5.0,-36190.0,-0.3750335961835596,-0.5979792389853447
2023-05-26 00:00:00-04:00,4.5,0.024666576538060897,-0.3780417942514179,-7.0,-34688.0,-0.3555925984090698,-0.8169506251135193
2023-05-30 00:00:00-04:00,4.5,-0.16676074239509042,-0.08256166365942194,-9.0,-97944.0,-0.0010300611667211383,-0.38332944956331844
2023-05-31 00:00:00-04:00,3.5,-0.2540906996124986,0.2701066238840686,-6.0,-21318.0,0.1875032862592028,-0.5461363416240477
2023-06-01 00:00:00-04:00,4.5,-0.19353534937342473,0.29620961497724935,-6.0,-62792.0,0.23662990354176336,-0.7849103687170803
2023-06-02 00:00:00-04:00,4.5,-0.23648696010464076,0.17057779309391233,-9.0,-56696.0,0.11088946519729533,-0.7962191147020595
2023-06-05 00:00:00-04:00,3.5,-0.4711276479384703,0.49507944611382043,-9.0,-128370.0,0.4482728098518882,-0.227738843443254
2023-06-06 00:00:00-04:00,4.5,-0.2879939562709964,0.6860204075533226,-8.0,-135744.0,0.6646287922892276,-0.7752154231021962
2023-06-07 00:00:00-04:00,3.5,0.1500281527759812,0.6020098371046312,-8.0,-65601.0,0.5972043616186714,-0.12815842387428839
2023-06-08 00:00:00-04:00,4.5,0.024824059117110314,0.6685155510619961,-6.0,-120416.0,0.6731914561650064,-0.8503498471239184
2023-06-09 00:00:00-04:00,4.5,0.3770302996712459,0.5251530650832738,-9.0,-53760.0,0.5792393007219819,-0.33035876113501467
2023-06-12 00:00:00-04:00,4.5,-0.02306244953846227,0.41389083054273307,-9.0,-74465.0,0.5286716209396101,-0.9463816153323564
2023-06-13 00:00:00-04:00,4.5,0.2949480917310421,0.17575069125714507,-9.0,-34320.0,0.3086607785636788,-0.7403908219527906
2023-06-14 00:00:00-04:00,4.5,0.4020939622725673,-0.34096870337377466,-8.0,-26133.0,-0.3138998899188429,-0.6550313911671837
2023-06-15 00:00:00-04:00,4.5,0.010867389229011773,-0.688047140440824,-9.0,-18300.0,-0.7174773838093133,-0.7733265642718724
2023-06-16 00:00:00-04:00,3.5,-0.18137605826095324,-0.8224782990701488,-9.0,-15228.0,-0.9080169661954887,-0.10994888374331015
2023-06-20 00:00:00-04:00,2.5,-0.26329975990991,-0.6890567826070146,-8.0,-95760.0,-0.7677246284184106,-0.645701817736055
2023-06-21 00:00:00-04:00,1.5,-0.3377256939291332,-0.5588544908226365,-6.0,-96921.0,-0.6345386028253319,-0.2325633767467316
2023-06-22 00:00:00-04:00,0.5,-0.23892463393696706,-0.5936584377595523,-5.0,-114208.0,-0.6228443580359887,-0.9356548249652494
2023-06-23 00:00:00-04:00,3.5,-0.2825072318202043,-0.34987859882695016,-3.0,-53818.0,-0.4558592303015444,-0.28478878713145184
2023-06-26 00:00:00-04:00,2.5,0.055197014724757285,-0.43741422948624015,-1.0,-114080.0,-0.5153768795757453,-0.07410490664457313
2023-06-27 00:00:00-04:00,1.5,-0.005497305990179888,-0.4470026099068007,-2.0,-113515.0,-0.5124957464705223,-0.8327414975754629
2023-06-28 00:00:00-04:00,0.5,0.06487603209453546,-0.505933048503443,-6.0,-98784.0,-0.5486791121696764,-0.6434975938752424
2023-06-29 00:00:00-04:00,4.5,0.7427674098535897,-0.4531337335024767,-8.0,-110834.0,-0.5252806801986065,-0.9151612179071399
2023-06-30 00:00:00-04:00,4.5,0.412633514553037,-0.6844220319437723,-9.0,-21096.0,-0.7763244723500778,-0.6662529633366239
2023-07-03 00:00:00-04:00,4.5,0.12263580472330914,0.10669009146927848,-9.0,-47500.0,0.25782018451619004,-0.7922016866804626
2023-07-05 00:00:00-04:00,3.5,-0.2599755896824121,0.2758291829344954,-8.0,-29898.0,0.34739385441456533,-0.6096277978089483
2023-07-06 00:00:00-04:00,2.5,0.07382454495887117,0.21468935881225643,-6.0,-16543.0,0.3035509264819109,-0.8529310649471394
2023-07-07 00:00:00-04:00,1.5,0.3182931017780756,0.1984672651987142,-6.0,-16920.0,0.2908591446135523,-0.0576559004043048
2023-07-10 00:00:00-04:00,0.5,0.3969743548501413,0.07128539071513415,-5.0,-24302.0,0.1967060712833021,-0.904622294757789
2023-07-11 00:00:00-04:00,4.5,0.7823337704778744,0.11283243718014561,-6.0,-20748.0,0.2276602817949077,-0.8362649727151928
2023-07-12 00:00:00-04:00,4.5,0.8815014823894337,-0.1507499177172069,-9.0,-8928.0,-0.036860701419554186,-0.4336942151843431
2023-07-13 00:00:00-04:00,4.5,0.8382110390476541,-0.16795240877598902,-9.0,-18585.0,-0.062007782781086956,-0.7069356565277866
2023-07-14 00:00:00-04:00,3.5,0.3065913876261561,-0.013037690386049912,-9.0,-20760.0,0.009130158793254309,-0.27896057583554956
2023-07-17 00:00:00-04:00,4.5,0.2884450844399453,0.10806972880351967,-9.0,-16695.0,0.06834190722549904,-0.6059230147042464
2023-07-18 00:00:00-04:00,4.5,0.013410767159381411,0.00400969997822397,-9.0,-29464.0,0.020432526772567367,-0.8263102624707921
2023-07-19 00:00:00-04:00,4.5,-0.03370760130575664,0.19004182483628174,-9.0,-54040.0,0.1832261903248721,-0.4688579354748865
2023-07-20 00:00:00-04:00,3.5,-0.3784383230677079,0.11363285040100314,-8.0,-42624.0,0.11326868236929472,-0.20667123694265063
2023-07-21 00:00:00-04:00,2.5,-0.15268739659259473,-0.1390263920276787,-8.0,-34775.0,-0.12623549519704672,-0.005088608106649787
2023-07-24 00:00:00-04:00,1.5,0.07452720324057963,0.18023377074871516,-8.0,-41151.0,0.16631256086381238,-0.6871214293330181
2023-07-25 00:00:00-04:00,4.5,0.016579374339970903,0.54454680848438,-8.0,-32292.0,0.49622761857577596,-0.5379740303068967
2023-07-26 00:00:00-04:00,4.5,0.14948158754843713,0.1797745738366501,-7.0,-17930.0,0.10206335657732159,-0.583326413233903
2023-07-27 00:00:00-04:00,3.5,0.565331212576014,-0.47044501760032,-4.0,-9024.0,-0.49925555865279597,-0.1279865349316573
2023-07-28 00:00:00-04:00,4.5,0.6165332584903869,-0.5528540666143866,-6.0,-18326.0,-0.5843704240815845,-0.8279449151751094
2023-07-31 00:00:00-04:00,4.5,0.5669264140473735,-0.2077736861114874,-9.0,-43146.0,-0.2864101805291805,-0.8212312173496413
2023-08-01 00:00:00-04:00,3.5,0.501469834346677,-0.4667912204623207,-8.0,-28426.0,-0.5506925660585391,-0.5612158363165353
2023-08-02 00:00:00-04:00,2.5,0.5302661656708948,-0.16237162575565367,-1.0,-11811.0,-0.22654148063033813,-0.19362386975521917
2023-08-03 00:00:00-04:00,1.5,0.6282922289741133,-0.23221822806795636,-1.0,-32562.0,-0.24914182797844378,-0.4260063940936914
2023-08-04 00:00:00-04:00,0.5,0.4068861128463701,-0.02061861663715859,-1.0,-11058.0,0.014899650536803134,-0.08507589518015907
2023-08-07 00:00:00-04:00,4.5,0.5230911307915175,-0.14378422658545625,-3.0,-57204.0,-0.10327909755309284,-0.9236738461684769
2023-08-08 00:00:00-04:00,3.5,0.5543537377219521,-0.16343828382909273,-1.0,-52488.0,-0.13871848531225747,-0.6361131238039632
2023-08-09 00:00:00-04:00,2.5,0.666922560261908,-0.13635502496981672,-1.0,-43400.0,-0.12139029341729918,-0.19327862567167403
2023-08-10 00:00:00-04:00,1.5,0.6419088507036489,0.18135110665741702,-1.0,-24030.0,0.19881035552242202,-0.17732052530452483
2023-08-11 00:00:00-04:00,0.5,0.7874165254569055,0.14241670425011818,-1.0,-55224.0,0.14565161463749887,-0.6737186017898485
2023-08-14 00:00:00-04:00,4.5,0.8891737151880275,-0.21845783708439723,-2.0,-57155.0,-0.22961518389902183,-0.9625262873398565
2023-08-15 00:00:00-04:00,3.5,0.9059593575894574,-0.6611394842214883,-1.0,-45346.0,-0.6754994320477917,-0.1412174383036354
2023-08-16 00:00:00-04:00,2.5,0.9238911477311339,-0.3372140750619888,-1.0,-32706.0,-0.37966339732809057,-0.02442794401538569
2023-08-17 00:00:00-04:00,1.5,0.9087674053534246,-0.04774453626728871,-1.0,-23111.0,-0.08589900764915914,-0.10049794420165235
2023-08-18 00:00:00-04:00,0.5,0.6478603489214143,0.4985131410859694,-1.0,-19570.0,0.4915521945297878,-0.7382994706558137
2023-08-21 00:00:00-04:00,4.5,0.6632967621991686,0.2979247934941917,-2.0,-76248.0,0.29087579108384765,-0.8222919050386588
2023-08-22 00:00:00-04:00,3.5,0.2062461766161638,0.22370808161780836,-4.0,-78012.0,0.21570655378024536,-0.16629435047340888
2023-08-23 00:00:00-04:00,4.5,0.1751754100704733,0.24539749044374704,-5.0,-65688.0,0.21587075702965106,-0.8238877076625176
2023-08-24 00:00:00-04:00,3.5,0.2088642673614836,0.393904744780024,-4.0,-29568.0,0.38304009412726053,-0.003924318938329314
2023-08-25 00:00:00-04:00,2.5,-0.03572505703269209,0.3947746470360977,-2.0,-20292.0,0.40730993019523104,-0.7773929480611282
2023-08-28 00:00:00-04:00,1.5,0.10695958976376246,0.2922610690220086,-9.0,-115401.0,0.2986504022091315,-0.8086497521674858
2023-08-29 00:00:00-04:00,4.5,0.14060888616238865,0.2540949946143747,-9.0,-59458.0,0.26317392685189434,-0.8910335528929765
2023-08-30 00:00:00-04:00,4.5,0.4679757535062602,0.3557718665263177,-9.0,-91700.0,0.3598946806689627,-0.758879620939973
2023-08-31 00:00:00-04:00,3.5,0.292966338527029,0.4588923585774507,-9.0,-83439.0,0.45742215916714307,-0.07219545843664042
2023-09-01 00:00:00-04:00,4.5,-0.18648957446951941,0.37667314109379996,-8.0,-66600.0,0.3946657686716041,-0.3868237091510839
2023-09-05 00:00:00-04:00,3.5,-0.13988764289085426,0.5389750090081983,-7.0,-55811.0,0.5570820211181045,-0.03764317917757302
2023-09-06 00:00:00-04:00,2.5,0.12738976403065208,0.6138281534252789,-5.0,-42570.0,0.630414956696729,-0.5254138798657713
2023-09-07 00:00:00-04:00,1.5,-0.6141903827678162,0.7081097573180974,-4.0,-44278.0,0.7231728909900766,-0.7354516029975894
2023-09-08 00:00:00-04:00,0.5,-0.4204802192966525,0.671026304357713,-5.0,-39376.0,0.6894244750806522,-0.3810566042957553
2023-09-11 00:00:00-04:00,4.5,-0.2867944075881181,0.43879819773309303,-5.0,-23320.0,0.4743789602724258,-0.8588649270751404
2023-09-12 00:00:00-04:00,3.5,-0.11308099772865865,0.6284438564468819,-4.0,-21147.0,0.6391006816539212,-0.19314138215252843
2023-09-13 00:00:00-04:00,2.5,0.11090381467177958,0.2910656147128621,-4.0,-19755.0,0.356385830896761,-0.5419705591820666
2023-09-14 00:00:00-04:00,4.5,-0.4423676024449156,0.1258383334328364,-7.0,-10863.0,0.1968847719401266,-0.7745245740328262
2023-09-15 00:00:00-04:00,3.5,0.6126113044058638,-0.01182770584158393,-3.0,-4266.0,0.026853716024446184,-0.10294764587259968
2023-09-18 00:00:00-04:00,2.5,0.5810127850066582,-0.30504922454868627,-3.0,-33872.0,-0.2514255062477489,-0.4410909353079749
2023-09-19 00:00:00-04:00,1.5,0.49336306685860526,-0.5978449594433219,-1.0,-36384.0,-0.5105735392562063,-0.8265807761351845
2023-09-20 00:00:00-04:00,0.5,0.6093055536853953,-0.5491456948561995,-1.0,-25086.0,-0.5009557124516021,-0.037137453716727206
2023-09-21 00:00:00-04:00,1.5,0.6759296153774648,0.17217400928100035,-1.0,-12087.0,0.19573184930361745,-0.035476428744189374
2023-09-22 00:00:00-04:00,0.5,0.9676139571756688,0.413857587053475,-1.0,-20240.0,0.41189552186750084,-0.1071187919459153
2023-09-25 00:00:00-04:00,4.5,0.8988380271772944,0.17847730739307668,-1.0,-78631.0,0.15266380944940425,-0.9542314455650769
2023-09-26 00:00:00-04:00,3.5,0.8359520048934813,0.24963561152013566,-1.0,-32175.0,0.2064093489307705,-0.18602412366112364
2023-09-27 00:00:00-04:00,2.5,0.7953473766251391,0.2821255356806947,-1.0,-24893.0,0.24905519970860757,-0.7074520148989829
2023-09-28 00:00:00-04:00,1.5,0.7184859592173699,0.326607458702287,-2.0,-49140.0,0.24449051600213423,-0.6547113227498589
2023-09-29 00:00:00-04:00,0.5,0.6147642552869625,0.6345871871646682,-4.0,-16330.0,0.5790255655620522,-0.27752071110618287
2023-10-02 00:00:00-04:00,2.5,0.5926670727333307,0.4375368232686692,-2.0,-82079.0,0.3454710155440786,-0.68286471871041
2023-10-03 00:00:00-04:00,1.5,0.15540037980926588,0.1786112409155651,-1.0,-34587.0,0.1172312546749389,-0.20431059740980517
2023-10-04 00:00:00-04:00,0.5,0.175233655442368,-0.24075829653674688,-2.0,-74646.0,-0.3697513780211797,-0.8165290512971707
2023-10-05 00:00:00-04:00,3.5,-0.00030371948130851023,-0.30276600696187256,-3.0,-134640.0,-0.4112027805198066,-0.7915507069114457
2023-10-06 00:00:00-04:00,4.5,-0.40526427394665476,-0.020349080500207773,-3.0,-19488.0,-0.0849785447802724,-0.7767818954765737
2023-10-09 00:00:00-04:00,4.5,-0.7652461598768081,-0.1918514297519942,-9.0,-97940.0,-0.22380981982904502,-0.8515436982175896
2023-10-10 00:00:00-04:00,4.5,-0.6258105596251524,0.09902025100021487,-9.0,-100400.0,0.038069770188810165,-0.4207409973816894
2023-10-11 00:00:00-04:00,4.5,-0.9304805208527459,0.5153326452896048,-9.0,-152988.0,0.367896614303101,-0.9163612523989639
2023-10-12 00:00:00-04:00,3.5,-0.4147882461249216,0.44217496615207685,-7.0,-81420.0,0.3715259758001763,-0.4130253700096728
2023-10-13 00:00:00-04:00,2.5,0.1057904180284769,0.3964254576749982,-6.0,-41358.0,0.44572016924931723,-0.2573582754938406
2023-10-16 00:00:00-04:00,1.5,0.43240705012790615,0.4312259992205372,-9.0,-95410.0,0.48458842567550225,-0.6744414448485784
2023-10-17 00:00:00-04:00,0.5,0.8027353197867367,0.3574664233657193,-6.0,-84680.0,0.43937416320799666,-0.604654603943707
2023-10-18 00:00:00-04:00,2.5,0.8315806067440761,0.21087511915551246,-3.0,-39390.0,0.3612859470844921,-0.19257314882032375
2023-10-19 00:00:00-04:00,1.5,0.8828770229114652,0.50483819333227,-1.0,-13414.0,0.5297687366406274,-0.10407260873748843
2023-10-20 00:00:00-04:00,0.5,0.958393939369202,0.49696811598196644,-1.0,-10740.0,0.5593223520742271,-0.021321451931744628
2023-10-23 00:00:00-04:00,4.5,0.9070105158185817,0.5180947226278158,-1.0,-53053.0,0.4581670939447721,-0.3959721861276966
2023-10-24 00:00:00-04:00,4.5,0.927405200592196,0.37020731551461933,-2.0,-93610.0,0.2943388617881856,-0.7001786004186246
2023-10-25 00:00:00-04:00,3.5,0.9325024597858517,0.2785789766721347,-1.0,-50148.0,0.17842952973957868,-0.11390177228018795
2023-10-26 00:00:00-04:00,2.5,0.927070359613021,0.3331383691161051,-1.0,-19080.0,0.26973862596026643,-0.17377752022467813
2023-10-27 00:00:00-04:00,1.5,0.9328742758842608,0.4732470317823351,-1.0,-29808.0,0.33388622591698613,-0.2845824285168303
2023-10-30 00:00:00-04:00,0.5,0.906662936965583,0.18482861573900258,-3.0,-80990.0,0.05719784461113017,-0.7373309088247781
2023-10-31 00:00:00-04:00,4.5,0.9043616820954442,-0.23286711043136432,-4.0,-108416.0,-0.2843337887364487,-0.9015222642165486
2023-11-01 00:00:00-04:00,4.5,0.626024740405999,-0.34502058166696375,-7.0,-47355.0,-0.467737550902196,-0.7935125793638097
2023-11-02 00:00:00-04:00,4.5,0.4744370160476586,-0.13562563830545524,-9.0,-53874.0,-0.16854193686271526,-0.9174617628175626
2023-11-03 00:00:00-04:00,4.5,0.1765797972720763,-0.11293867098469729,-9.0,-40185.0,0.014332636325281712,-0.5031262555215015
2023-11-06 00:00:00-05:00,4.5,-0.6849024914751096,0.4185396449723129,-9.0,-145386.0,0.3831699724483775,-0.8117162491083731
2023-11-07 00:00:00-05:00,4.5,-0.7847105709376828,0.6260798816167056,-9.0,-153946.0,0.5645191514292321,-0.774626162621036
2023-11-08 00:00:00-05:00,4.5,-0.709700704342274,0.7222522698126576,-9.0,-146625.0,0.658620229676681,-0.7416706639634666
2023-11-09 00:00:00-05:00,3.5,0.15448166524828807,0.6147356844300825,-6.0,-68694.0,0.579228806319914,-0.09147445738858737
2023-11-10 00:00:00-05:00,4.5,-0.02375083735701369,0.45451031693690613,-7.0,-47680.0,0.3963622828153365,-0.9057995650461664
2023-11-13 00:00:00-05:00,3.5,0.05566861674700323,0.5516535815998788,-9.0,-110880.0,0.5058360232768531,-0.6016456034612756
2023-11-14 00:00:00-05:00,4.5,0.004963716240609119,0.3563653389734895,-9.0,-27686.0,0.3498319055651131,-0.6473242752046431
2023-11-15 00:00:00-05:00,4.5,0.05040388847380454,0.13876872101824858,-9.0,-60227.0,0.13784538813343777,-0.3427187860536571
2023-11-16 00:00:00-05:00,4.5,0.13258716028848727,0.04525903674182264,-8.0,-68991.0,0.03240877104900879,-0.8551034962865987
2023-11-17 00:00:00-05:00,4.5,-0.14899271454532761,-0.2917301255026046,-9.0,-34615.0,-0.30070562898924524,-0.6999380182095368
2023-11-20 00:00:00-05:00,4.5,0.16220238042077298,-0.1704605859538655,-9.0,-56252.0,-0.19582598407735718,-0.7785161604374045
2023-11-21 00:00:00-05:00,3.5,-0.03972521676118729,0.16151102475374307,-9.0,-60147.0,0.15332360909876633,-0.6030827109911394
2023-11-22 00:00:00-05:00,4.5,0.016467637341622463,0.42095794931594427,-9.0,-53400.0,0.3749381450621136,-0.45360742362797646
2023-11-24 00:00:00-05:00,4.5,-0.5660686137073775,0.4499387270827157,-9.0,-12048.0,0.4579067511485843,-0.7383725232339037
2023-11-27 00:00:00-05:00,3.5,-0.5982497528354574,0.29374472292482695,-8.0,-5324.0,0.3445561388854886,-0.2842354688771435
2023-11-28 00:00:00-05:00,2.5,-0.4866148770587835,0.9033932186834472,-6.0,-6315.0,0.85800927653837,-0.5114400351029244
2023-11-29 00:00:00-05:00,1.5,0.13733945580669765,0.6934718152566367,-8.0,-2065.0,0.6161023006042952,-0.10231927308538237
2023-11-30 00:00:00-05:00,4.5,-0.06678098612110211,0.33590553200530165,-4.0,-1440.0,0.3737515269599239,-0.8857511632476882
2023-12-01 00:00:00-05:00,4.5,-0.27313942757025866,0.07758686913854303,-9.0,-2310.0,0.18177734869801587,-0.8461419485413997
2023-12-04 00:00:00-05:00,3.5,-0.20726062901399614,-0.28835927799279515,-7.0,-3140.0,-0.10830508922617597,-0.4857941588264391
2023-12-05 00:00:00-05:00,2.5,0.08746730574638988,-0.5736346881345037,-8.0,-3105.0,-0.4024214353384632,-0.6267548656989049
2023-12-06 00:00:00-05:00,1.5,-0.070396697922362,-0.4197109891357955,-5.0,-6282.0,-0.2596128513834994,-0.10384348086934989
2023-12-07 00:00:00-05:00,0.5,-0.2930568588758683,-0.3583503961403599,-9.0,-8250.0,-0.24618752748640413,-0.7326556349635502
2023-12-08 00:00:00-05:00,4.5,-0.42634706720703563,-0.4218078098481996,-9.0,-23544.0,-0.25156425815025973,-0.8197894982222191
2023-12-11 00:00:00-05:00,4.5,-0.22385777320857547,-0.07321181303822108,-9.0,-57275.0,0.14480798076076865,-0.9103227219318767
2023-12-12 00:00:00-05:00,4.5,-0.0713801424164265,0.3623220884832906,-9.0,-57399.0,0.42973782748496087,-0.9466230661787706
2023-12-13 00:00:00-05:00,4.5,-0.43886293746572386,-0.008875269168661768,-9.0,-27772.0,-0.19400782152920076,-0.9010224907908818
2023-12-14 00:00:00-05:00,4.5,0.2050070679051032,-0.48636897829318476,-9.0,-10584.0,-0.7610403185228016,-0.6192764438331294
2023-12-15 00:00:00-05:00,3.5,0.42606690097735617,-0.7190363478369027,-9.0,-5076.0,-0.8892400489790117,-0.582025523247459
2023-12-18 00:00:00-05:00,4.5,0.22318675000552024,-0.5338067510837922,-9.0,-94023.0,-0.6617730429320159,-0.6661054192023065
2023-12-19 00:00:00-05:00,4.5,0.28178507848385004,-0.08200781326767503,-9.0,-118065.0,-0.36954279540463775,-0.9442963480232038
2023-12-20 00:00:00-05:00,3.5,0.36296417646634954,-0.21848261301979655,-7.0,-25696.0,-0.38581924340042295,-0.05785188481268277
2023-12-21 00:00:00-05:00,2.5,0.5962011782700208,-0.10798044627226373,-7.0,-58680.0,-0.29753733251912473,-0.9189343790773072
2023-12-22 00:00:00-05:00,1.5,0.47936370158648756,0.005687743668678612,-8.0,-112200.0,-0.20040339817917405,-0.5310630460246375
2023-12-26 00:00:00-05:00,4.5,0.5353725771653276,0.3769915136506586,-9.0,-126945.0,0.08218351628424996,-0.6303544431764393
2023-12-27 00:00:00-05:00,4.5,0.493978983289996,0.6298420996539844,-9.0,-99280.0,0.41037862359683386,-0.9050271170761531
2023-12-28 00:00:00-05:00,4.5,0.3641268280622981,0.5285078462432128,-9.0,-68362.0,0.5725256021790016,-0.3339981747949992
2023-12-29 00:00:00-05:00,3.5,0.3270141273269125,0.16747385450232716,-6.0,-9324.0,0.20244780524606742,-0.5455973080472097
2024-01-02 00:00:00-05:00,2.5,0.49985344146719624,-0.03566848302394726,-3.0,-8151.0,-0.11167264279111289,-0.6757279679561597
2024-01-03 00:00:00-05:00,1.5,0.3657561543428618,0.22602428333541852,-2.0,-23489.0,0.10107610756566296,-0.20891334638997616
2024-01-04 00:00:00-05:00,0.5,-0.29243601469557473,0.26554702101614786,-1.0,-70040.0,0.10963729116969027,-0.05947112965084589
2024-01-05 00:00:00-05:00,4.5,-0.22842071866001867,0.29080712419922256,-1.0,-61992.0,0.09744769254552799,-0.3698710704680119
2024-01-08 00:00:00-05:00,4.5,0.08778454881966914,0.20534838085406584,-4.0,-91123.0,0.02347316128750711,-0.9148840358145021
2024-01-09 00:00:00-05:00,3.5,-0.06575277059118775,0.16318536864833758,-6.0,-117504.0,-0.02879653407788128,-0.6918449989007546
2024-01-10 00:00:00-05:00,4.5,-0.4803955827282409,0.14389079720989778,-8.0,-124955.0,-0.0613369507451212,-0.7326629629089182
2024-01-11 00:00:00-05:00,3.5,0.17412011527395888,0.07020841462690693,-7.0,-90650.0,-0.07322594539429936,-0.7070849935190302
2024-01-12 00:00:00-05:00,4.5,0.46245241247654656,0.27361469364915036,-9.0,-144096.0,0.07588477780986604,-0.4355230233747144
2024-01-16 00:00:00-05:00,3.5,0.5841520555317803,0.4588278378598053,-7.0,-55200.0,0.3256987190989084,-0.5285937103659555
2024-01-17 00:00:00-05:00,2.5,0.5505730745137045,0.5126340598053016,-4.0,-79552.0,0.4470661924723385,-0.824652352199682
2024-01-18 00:00:00-05:00,1.5,0.1552400318488378,0.3495212501390745,-6.0,-30806.0,0.33071201913549136,-0.8545630187899682
2024-01-19 00:00:00-05:00,4.5,-0.648898272870282,-0.03157246097929072,-9.0,-13746.0,-0.12198424503747753,-0.9067833697718873
2024-01-22 00:00:00-05:00,4.5,-0.8079486429948199,-0.18426392684657883,-9.0,-64468.0,-0.1625996406931265,-0.27618944964025505
2024-01-23 00:00:00-05:00,4.5,-0.5291008068253931,0.02647024938424211,-9.0,-76459.0,0.18286254188685686,-0.8796350398269401
2024-01-24 00:00:00-05:00,4.5,-0.41176726560350246,0.05092258643277187,-9.0,-42676.0,0.153374200312519,-0.13440949743897546
2024-01-25 00:00:00-05:00,4.5,-0.36353453820218457,0.1310743548890027,-9.0,-61035.0,0.23985093203513874,-0.8999487318962466
2024-01-26 00:00:00-05:00,3.5,-0.3782597236817901,0.11841104665966734,-9.0,-52962.0,0.2246937475865145,-0.33783225441562664
2024-01-29 00:00:00-05:00,4.5,0.29957082239851945,0.2224753523919047,-9.0,-86832.0,0.3964777568427955,-0.930440412299229
2024-01-30 00:00:00-05:00,3.5,0.3588233215141039,0.30886429608035887,-9.0,-67348.0,0.44846574667260947,-0.5148382711557709
2024-01-31 00:00:00-05:00,2.5,0.6347046184450067,0.3198770789489034,-3.0,-5967.0,0.3120921335200033,-0.0034144715402794775
2024-02-01 00:00:00-05:00,1.5,0.2415165428862106,0.21063307428840836,-4.0,-32190.0,0.2965376203077391,-0.9488842502176082
2024-02-02 00:00:00-05:00,4.5,0.37747711655239885,-0.22352637467360711,-8.0,-20910.0,-0.2323599212857526,-0.7132556619407152
2024-02-05 00:00:00-05:00,3.5,0.2715863266692521,-0.18419745507820925,-9.0,-58344.0,-0.12893438950499267,-0.5655881630976494
2024-02-06 00:00:00-05:00,2.5,0.17810255704361766,0.24696035968110844,-9.0,-106260.0,0.33650380044197437,-0.8462716546811794
2024-02-07 00:00:00-05:00,4.5,0.20584031085658563,0.2639731427277752,-9.0,-69138.0,0.3448835012634941,-0.8487654145318753
2024-02-08 00:00:00-05:00,4.5,-0.470954755340708,0.47301048380073735,-9.0,-74090.0,0.5056387749976804,-0.7294297313668685
2024-02-09 00:00:00-05:00,4.5,-0.08359823135190445,0.5069540783096446,-9.0,-53460.0,0.5375297193887638,-0.8375990932575492
2024-02-12 00:00:00-05:00,3.5,-0.0625423612358266,0.6929499012657652,-9.0,-56242.0,0.6847175529556183,-0.22743033827647832
2024-02-13 00:00:00-05:00,2.5,0.46903179352904734,0.698932867507933,-4.0,-9604.0,0.6712997558662015,-0.5298771353734044
2024-02-14 00:00:00-05:00,1.5,0.5464831918884868,0.6644391964413987,-5.0,-49046.0,0.6152487033530506,-0.877107537293332
2024-02-15 00:00:00-05:00,4.5,0.6791271657403822,0.6400114371317012,-8.0,-38766.0,0.6320352664215959,-0.9188158161075379
2024-02-16 00:00:00-05:00,3.5,0.6368066605185363,0.33314158385616804,-7.0,-18785.0,0.3361757354825425,-0.18854805277923217
2024-02-20 00:00:00-05:00,2.5,0.6024135589286798,0.2852461061894582,-3.0,-20349.0,0.3138067109763718,-0.5889922833436914
2024-02-21 00:00:00-05:00,1.5,0.6700298559196615,0.44762319840748366,-2.0,-30940.0,0.45416028602074243,-0.9408836862773278
2024-02-22 00:00:00-05:00,4.5,0.4816599954917485,0.2815246765048479,-9.0,-20625.0,0.27166500032442403,-0.7912381730193244
2024-02-23 00:00:00-05:00,4.5,0.6475147897047983,0.38674160268783153,-9.0,-42669.0,0.3622977689390618,-0.2510047388625531
2024-02-26 00:00:00-05:00,3.5,0.004059381776166615,0.49111912980806344,-8.0,-32495.0,0.4979780505643655,-0.04602041058857725
2024-02-27 00:00:00-05:00,2.5,-0.12357857487909034,0.5464871860814128,-7.0,-27664.0,0.5733950716533951,-0.9025098904660754
2024-02-28 00:00:00-05:00,1.5,-0.37241877110780824,0.3299263858491573,-7.0,-14260.0,0.4478848449301423,-0.6779606682030064
2024-02-29 00:00:00-05:00,4.5,-0.3769180350877397,0.06628195325353396,-7.0,-8400.0,0.1293450398172009,-0.6218046122407653
2024-03-01 00:00:00-05:00,4.5,-0.5778778180999904,-0.018069043305514468,-9.0,-12420.0,0.050852849758087404,-0.8732682253922837
2024-03-04 00:00:00-05:00,3.5,-0.5614140681485965,0.1473448806323654,-9.0,-13176.0,0.15861699128602344,-0.1359984393889451
2024-03-05 00:00:00-05:00,2.5,-0.330033131134472,-0.016750547897742177,-3.0,-8961.0,-0.01947976517121756,-0.4040233386604592
2024-03-06 00:00:00-05:00,1.5,-0.2227172307279127,0.16597802291068597,-7.0,-12924.0,0.11066363926819688,-0.3672487248588444
2024-03-07 00:00:00-05:00,4.5,-0.04477688586123998,0.11212926569163888,-8.0,-11726.0,-0.03171901460766251,-0.8091140716601558
2024-03-08 00:00:00-05:00,3.5,0.10062947639067338,-0.27934114172981306,-8.0,-6992.0,-0.35334483845442616,-0.08630146197571363
2024-03-11 00:00:00-04:00,2.5,0.5316188336859972,-0.21573984285476164,-5.0,-19552.0,-0.30711043164785895,-0.8160691582300081
2024-03-12 00:00:00-04:00,4.5,0.6613119813495683,-0.107213473049322,-7.0,-22792.0,-0.18299769433095878,-0.8790999702477285
2024-03-13 00:00:00-04:00,3.5,0.6884245451010508,0.3593283182118962,-9.0,-33840.0,0.3056557781703792,-0.5344318513459627
2024-03-14 00:00:00-04:00,2.5,0.7392291085664662,-0.23340206395495683,-7.0,-5734.0,-0.32401910863097083,-0.6011071783811817
2024-03-15 00:00:00-04:00,1.5,0.585517668998667,-0.1919356868287214,-4.0,-8432.0,-0.24915866958620542,-0.47943171267743206
2024-03-18 00:00:00-04:00,0.5,0.34653751736250615,-0.22443535102312337,-8.0,-34196.0,-0.24999546817079477,-0.1396955882618457
2024-03-19 00:00:00-04:00,4.5,0.5936358394929032,-0.20124918785229187,-7.0,-78806.0,-0.22431166238623698,-0.9085589321404168
2024-03-20 00:00:00-04:00,4.5,0.6292881646449365,-0.0629782576065818,-9.0,-64542.0,-0.09900326874111612,-0.9314147138696749
2024-03-21 00:00:00-04:00,4.5,0.6815345081692626,0.2706278245752003,-9.0,-82782.0,0.2284485173298803,-0.13334421468584068
2024-03-22 00:00:00-04:00,3.5,0.62992806609616,0.1691405672796239,-8.0,-44100.0,0.1705413598392459,-0.14763947307961872
2024-03-25 00:00:00-04:00,2.5,0.6927599250576223,0.42005062399533827,-7.0,-67320.0,0.4135831061466796,-0.11946053142584752
2024-03-26 00:00:00-04:00,1.5,0.6570719577827532,0.47524039659230227,-6.0,-46948.0,0.46998001017290403,-0.13195764195804183
2024-03-27 00:00:00-04:00,4.5,0.029307693721055888,0.4643617988432282,-6.0,-37932.0,0.4777282644979708,-0.9755108760918357
2024-03-28 00:00:00-04:00,3.5,-0.6600128952525967,0.24749264395678489,-9.0,-18745.0,0.270605590511092,-0.15867394137436946
2024-04-01 00:00:00-04:00,2.5,-0.7139924822980701,-0.013028852067784945,-7.0,-43368.0,-0.048570399194541806,-0.35458726977243676
2024-04-02 00:00:00-04:00,1.5,-0.533451403869739,-0.2607411272640136,-2.0,-25800.0,-0.2794341261684564,-0.938572395909544
2024-04-03 00:00:00-04:00,0.5,-0.4497171967770176,-0.19847892374733472,-2.0,-37267.0,-0.24558012855670153,-0.5219059601822832
2024-04-04 00:00:00-04:00,3.5,0.08374978649310769,-0.36977165741553686,-1.0,-13104.0,-0.4231696501564953,-0.030862287871278624
2024-04-05 00:00:00-04:00,2.5,0.056700621309242936,-0.35149143442571734,-2.0,-41877.0,-0.37576515045605957,-0.6614814621907943
2024-04-08 00:00:00-04:00,1.5,-0.01292342625873281,-0.36296432217993824,-5.0,-37696.0,-0.38169061638403806,-0.36393458840239906
2024-04-09 00:00:00-04:00,0.5,0.0706856457926189,-0.361981768909942,-3.0,-45500.0,-0.3953425292359573,-0.7854271832745984
2024-04-10 00:00:00-04:00,3.5,-0.056752658359615155,-0.1664305383382052,-1.0,-33220.0,-0.22950713739944473,-0.49567347177027976
2024-04-11 00:00:00-04:00,2.5,-0.09272564254974604,-0.1488037352119968,-1.0,-45353.0,-0.2107847504895838,-0.7822462570589523
