ticker,alpha_1,alpha_2,alpha_3,alpha_4,alpha_5,alpha_6,alpha_41,alpha_52,alpha_53,alpha_54,price_change
AAPL,3.0770925110132157,0.08983418399285015,0.1505379952764704,-5.178423236514523,-11724.629166666668,0.16123333636132914,-2.203833991588143,0.3300018310546875,-5.960346937737095,-0.5087948776407393,2.740234817537729
MSFT,3.0575221238938055,0.0713150609809848,0.12179539191926671,-5.095435684647303,-12533.208333333334,0.13637480944777952,-7.005257831467145,5.760040283203125,-5.856697473872783,-0.4996702252841835,-0.35247226221304157
AMZN,3.0530973451327434,0.08879107104688042,0.037884341795985356,-4.6929460580912865,-11270.554166666667,0.030772124997464255,-9.496412583236511,4.889991760253906,-1.2125700602485225,-0.4908483283396994,0.12724369691925388
GOOGL,2.933628318584071,0.11388828110163758,0.16073627211473446,-4.6970954356846475,-12031.975,0.1529677141869559,-7.849000377612432,2.6699981689453125,-4.156264147337083,-0.479654185630883,-1.822625325919355
META,2.8185840707964602,0.05882113532695262,-0.033215571475012313,-5.186721991701245,-12321.708333333334,-0.022699743626361003,-11.597780774865527,-16.230010986328125,-1.9277983164436139,-0.4655255455207152,1.4621650242833235
TSLA,3.0309734513274336,0.05624036681395272,0.1177427812139623,-4.626556016597511,-10567.004166666668,0.10210028699409987,-29.276577889992282,37.379974365234375,-2.733965272897697,-0.46942605271393484,-0.10839355817919001
JPM,3.1150442477876106,0.04696823307717975,0.21517149936653593,-5.1161825726141075,-12329.1,0.251781959807076,3.4649336490360327,7.170021057128906,0.5954556646402575,-0.5153880426060575,10.563761491369162
V,3.0707964601769913,0.1066044798182777,0.1576069357418407,-5.365145228215767,-12730.3375,0.14680025541997196,2.9519947611092716,-5.699981689453125,-4.839923125679846,-0.5028046892430084,3.166547568634565
PG,2.843612334801762,0.04071404250405699,0.14368681096986033,-5.178423236514523,-13427.2375,0.13053581264042413,-3.7989312344992063,-2.4900054931640625,-17.449591359844785,-0.5060169782202248,0.16560677588856718
NVDA,3.1769911504424777,-0.032891680568668896,0.06971825144680115,-5.419087136929461,-12484.991666666667,0.05769539874571412,2.052106151277117,21.2999267578125,-2.7548059106318146,-0.49238304544363326,0.3190851211236541
MA,3.172566371681416,0.003428595899303901,0.11532255321899117,-5.385892116182573,-12731.570833333333,0.1323889901938528,1.6741426604424992,17.339996337890625,-9.514170400908665,-0.5093327867294019,3.382015932795235
DIS,2.9867256637168142,0.1580192483857078,0.075360714389299,-4.775933609958506,-12278.0375,0.04101770300617594,-5.445608483328531,-12.360008239746094,-0.07609617747226816,-0.49114702148066663,0.11903853733582535
HD,2.9646017699115044,0.014701863964442773,0.12498268304797945,-5.0,-12197.620833333332,0.12468349196363454,2.4721343664148976,31.5,-9.924868082694218,-0.4973075700038522,2.6719780267578264
PYPL,2.8672566371681416,0.010807297528476489,0.040520760552921094,-4.863070539419087,-12879.845833333333,0.03824213700798761,-3.7975310843551617,7.2750091552734375,-15.568010265080174,-0.46708357514127596,2.549653262840946
NFLX,2.9867256637168142,-0.096350411212361,0.03510043208046647,-5.344398340248962,-12033.229166666666,0.0393507404488311,34.97228969804657,23.309967041015625,-2.5298921819087132,-0.4776576596164307,-1.5605115725353134
CMCSA,3.066371681415929,0.06300465486913687,0.20188312323337315,-5.016597510373444,-12007.7875,0.18963653801877658,-2.269882193285836,-3.1200027465820312,1.8292528183201135,-0.4934450439438673,0.10463226786898316
INTC,2.8672566371681416,0.08267401435065888,0.056194324165923036,-4.427385892116183,-12331.591666666667,0.06252052933178107,-5.326354741843628,-7.94999885559082,-4.957121720666232,-0.48084896575520386,-2.121772830088905
CSCO,3.066371681415929,-0.005576771200904811,0.1083521770131111,-5.170124481327801,-12733.079166666666,0.09865196898924884,-0.007241969874454631,3.7800064086914062,-6.296136569298989,-0.4873752769017615,-1.987142843128774
PEP,3.0462555066079293,0.1868773896336288,0.07419407911505514,-5.20746887966805,-12416.1875,0.08859872966337069,2.7203982018623734,-1.2299652099609375,-6.1425034649249,-0.5199681534216866,0.889740671378401
ADBE,3.061946902654867,0.046895659022177225,0.1405058337469595,-5.373443983402489,-11850.341666666667,0.1359002390621222,-15.427177955731775,6.480010986328125,-1.6714645923956133,-0.4881663121428292,0.34551170577242524
CRM,3.1283185840707963,0.13813889336097845,0.1411813217313061,-5.1203319502074685,-12206.825,0.08941341575946492,-4.452779725246323,17.78997802734375,0.15355008455243435,-0.49365832003523913,3.6607626015688766
BAC,3.066371681415929,0.0293122764509247,0.09183566983034618,-4.780082987551867,-12474.745833333332,0.11781233981370735,-1.1369461136970578,2.400003433227539,0.4968681891277864,-0.4956878304265513,9.377232934162272
KO,2.909691629955947,0.1012037351823002,0.08519806179550558,-5.020746887966805,-12023.279166666667,0.060153613340880964,-1.11188692202865,-0.8100013732910156,0.10978060262353428,-0.5011681110294627,1.3877855569315132
WMT,3.061946902654867,-0.009853941227491607,0.15688816093248317,-5.024896265560166,-12201.3875,0.1251359055453485,0.4966008820110092,-3.6899986267089844,-0.4774692571511456,-0.4960162083812371,-0.4385039147600276
IBM,3.1387665198237884,0.08614944963311028,0.14014095591051182,-5.0995850622406635,-12837.25,0.099947331004505,0.47439411441202867,-8.849990844726562,11.332668914637056,-0.5126119762107446,-2.4803480350131157
XOM,3.18859649122807,0.03930970492372824,0.07666332585094289,-5.630705394190872,-12025.85,0.08308688608320171,7.924587481325324,-15.419998168945312,7.247170301002333,-0.5095549356552328,2.095339188663788
MRK,3.0066079295154187,-0.07557399487056925,0.013361904690267046,-5.464730290456432,-12592.441666666668,0.006363800265737503,6.415630977983698,1.410003662109375,1.943249222804162,-0.5191722881453756,1.9714068099374946
NKE,2.938053097345133,0.18643169951808922,0.14061794090461796,-5.045643153526971,-12363.029166666667,0.12878449865646868,-0.3798006882281814,8.910003662109375,-16.18633690119127,-0.4980585251471668,3.52718833007447
PFE,2.909691629955947,-0.07460020919226576,0.097149148792891,-4.755186721991701,-12774.220833333333,0.12249615421599333,-2.155186558418009,-0.92999267578125,3.015344112285087,-0.48912744776141664,-2.8277026554516573
ABBV,3.0454545454545454,0.0654486117518964,0.05279087269902824,-5.232365145228216,-13266.9875,0.05888944786139335,-0.4898071601721452,-1.0499725341796875,-9.312597479323475,-0.5129156177368849,-1.0478685851919733
MO,2.7202643171806167,0.1656190320400093,0.00693004595365632,-5.0995850622406635,-12324.754166666668,-0.0025275786260567775,-2.2714220422737452,0.7200050354003906,0.7843032026125836,-0.512001324954732,3.685391886850421
ORCL,3.1238938053097347,-0.0435392499489008,0.05949602100925571,-5.435684647302905,-12248.85,0.025929689288754356,3.9428431620737396,-5.5800018310546875,-0.143512560931633,-0.5027127994316778,2.8903573194624173
T,2.893939393939394,-0.0012355177452927192,0.13849057972980047,-5.033195020746888,-12494.475,0.1475614536996746,-0.32674691574831005,-0.9899997711181641,0.5294260486660136,-0.499772714809635,1.277465528352148
UNH,2.988986784140969,0.07177914260048207,0.19329923691038162,-4.800829875518672,-12555.879166666668,0.1578436749997967,-1.2739915798081516,25.469970703125,-1.0736406724971943,-0.479398714145552,-2.076940456068323
CVX,2.997797356828194,0.07763126802788473,0.005946654614419563,-5.323651452282157,-12434.958333333334,-0.0321826973654335,2.136525289281905,-19.379974365234375,2.9612335070568654,-0.510751816239698,1.3251001695249809
VZ,2.7599118942731278,0.021690399637230053,0.17075863813561074,-4.618257261410788,-12664.2875,0.180462308801543,-4.079147829063853,-2.5499954223632812,0.45177643903777287,-0.5027359450807177,-1.0419310376384125
TMO,2.920353982300885,-0.023978516523196044,0.09047745600137809,-5.1203319502074685,-12643.570833333333,0.07261062388126559,0.9539875893762559,-7.88983154296875,-7.682284887345799,-0.508592186807334,1.8281217821211917
COST,3.084070796460177,-0.11431602657648188,0.20353160921467203,-4.8921161825726145,-12526.245833333332,0.18773923067939144,-6.292935549652366,52.5,-9.131684873435058,-0.4991404000796299,0.6216729254389849
ABT,2.911504424778761,-0.014278290456494602,0.11450046440866345,-5.1161825726141075,-12474.408333333333,0.09269886116199573,-3.2714273184968135,-4.3800201416015625,-4.541704229527845,-0.49697945505487834,0.43394849650894496
AMGN,2.8215859030837005,-0.11023944048728367,0.07714464028791325,-4.9004149377593365,-12677.75,0.09931987319610837,2.9017540613449073,-12.239959716796875,3.5224259243834237,-0.5071223314063865,-1.9170975191726174
LMT,3.002202643171806,0.06937740069627753,0.13105991553334767,-5.078838174273859,-13261.666666666666,0.166069825118572,9.194957522169153,4.1400146484375,1.6156321159199964,-0.4857275640211396,0.9380983718388273
AVGO,2.9713656387665197,0.02850160684961899,0.10176171583676323,-5.369294605809128,-12916.575,0.0842968386356347,1.8788991851654346,52.41009521484375,-12.853381549234454,-0.49594513808999424,0.7857939337054649
TXN,2.933628318584071,0.06218442031189911,0.02765069996877859,-4.983402489626556,-12557.625,0.05895441371903127,1.5056622885834197,24.449981689453125,-3.999818226207047,-0.5039438228797714,0.5016214270752426
HON,2.8348017621145374,0.20287562077512716,0.08740661625971183,-4.8796680497925315,-12797.654166666667,0.10423370874454155,2.965475923270612,2.85003662109375,-1.7191438700574917,-0.511709171023495,2.7389400044897525
NEE,2.905286343612335,0.20953952867654915,0.1613109989859084,-5.319502074688796,-11747.579166666666,0.15786561288214224,1.6670774557683161,-0.9900054931640625,-1.2355802741741133,-0.494893703320402,-0.16574939807744707
DHR,2.8053097345132745,0.060157090220680214,0.1146722842330245,-4.800829875518672,-13047.5125,0.11606220140973407,-0.32108588858966913,6.6223297119140625,-12.604260691780997,-0.5045684421009247,2.6448643570256154
SBUX,3.0353982300884956,0.014411895809744037,0.029017664238513412,-5.54356846473029,-12191.825,0.010553554013296669,9.225316800553204,-9.779983520507812,-12.522392443481154,-0.5121310583798252,3.0265475109737197
UPS,3.0859030837004404,0.0720025122257135,0.13509738790449916,-5.273858921161826,-12748.854166666666,0.09066376465585001,-0.1566152908733981,14.370025634765625,0.12050613303641144,-0.5377087917771848,2.0288030704283844
BA,3.0486725663716814,0.00042745527490137936,0.049879187234096886,-5.609958506224066,-12023.945833333333,0.04447913590694205,17.224354002074502,12.92999267578125,-0.1876908685838291,-0.5113207798224373,-1.1433739804851395
LLY,3.1299559471365637,0.0318709925579915,0.12488331550519877,-5.356846473029045,-12717.866666666667,0.09820449848050426,15.82469135138951,-52.28997802734375,0.15664544353654763,-0.5127824078030547,0.7929165291851158
AMD,2.8876651982378854,-0.08819321106704572,-0.1026934402820951,-5.1203319502074685,-11114.6625,-0.11659665029489805,-6.431577482894963,12.569984436035156,-1.7282615741250718,-0.4757814956311558,-5.9698411994481715
MCD,3.0198237885462555,0.03686903340007354,0.20857943219279668,-5.228215767634855,-12352.65,0.2075142001940548,7.47648146485995,-23.78997802734375,0.11506890233358957,-0.5025650093470987,2.5125114220462352
MMM,2.9757709251101323,0.030067133008112933,0.05681329274606644,-4.539419087136929,-12259.304166666667,0.06639750322101676,-7.8159217776473975,6.672248840332031,30.110076339923857,-0.4928138324403824,3.4157275594358953
GS,2.938053097345133,0.088745235760483,0.08124178039998226,-5.045643153526971,-13032.745833333332,0.08025129736197373,12.2981702698667,9.150054931640625,-1.3996775479176784,-0.5150095649195842,2.7541889593717825
CAT,3.111353711790393,0.055575996960971596,0.10546934783479832,-5.265560165975104,-12952.370833333332,0.10222880015150598,6.770371409595648,59.75999450683594,16.41719555184246,-0.5261828082500267,4.486613568279842
FDX,2.9801762114537445,0.010350871134566978,0.0698081127053521,-5.410788381742739,-11902.279166666667,0.05090605671485912,-2.0302871960227185,-1.559967041015625,2.706390481038469,-0.49969231836147887,-1.0319513500272564
CVS,2.843612334801762,0.07225392806725925,0.1761115638239632,-4.514522821576763,-11466.6,0.17000124087662918,-3.4736246774678565,-2.2800064086914062,-1.486282940210737,-0.4595258533460848,0.1315077234575284
TGT,3.01528384279476,-0.02973437982533432,0.037625647474268664,-4.875518672199171,-12201.070833333333,0.04002977024628073,-9.469164133494887,13.950027465820312,-0.17452148527144384,-0.4978946973273215,-3.9053290553346893
BKNG,2.995614035087719,0.1060365768847824,0.04878576433141369,-5.564315352697095,-12404.683333333332,0.0863810396377618,48.81361968460978,234.0,-8.317442754283736,-0.5050774110788099,4.824353078180667
CI,3.1211453744493394,0.0859472614123605,0.10363347883896791,-5.269709543568465,-12771.020833333334,0.06217232285964389,14.128265217825845,19.32000732421875,3.2869829187465767,-0.48720123069089954,-1.2960865005710882
BDX,3.075221238938053,0.031998025624644974,0.024803085534017333,-5.095435684647303,-12456.470833333333,0.04089724677005769,-3.986984178419126,-6.92999267578125,-6.451886149280138,-0.4967818615683098,0.023664875510838117
MS,3.094713656387665,0.031501486044016175,0.0014160155754599612,-5.174273858921162,-13248.629166666668,0.03035675563055047,2.7347496283893986,8.910003662109375,-5.785743201899931,-0.5102457991858633,6.964283897763207
LOW,2.9026548672566372,0.06761269071844064,0.04473792806253417,-4.850622406639004,-12863.941666666668,0.038692797289142836,2.6000235426409213,-14.25,-0.5686178767349591,-0.49841730685321084,4.164584730731788
GE,3.0442477876106193,-0.10664079312252513,0.12938752836576342,-5.556016597510373,-12376.170833333334,0.1428909250537151,4.4722595574121655,4.3575439453125,12.890367213789384,-0.5086267474364333,4.355649877607142
F,3.0707964601769913,0.11243777967644328,0.07305374460409422,-4.970954356846473,-12537.7875,0.06736966988097144,-0.4793039075317052,0.5100002288818359,2.1136453781343603,-0.5054361613951097,0.07861065249690599
DUK,2.905286343612335,0.1435562164187061,0.02561846642324482,-5.049792531120332,-12521.904166666667,0.03979030566599514,-4.117334997015953,1.5,-1.8079735090246034,-0.4963880822453041,-1.7350889125030102
SO,3.0726872246696035,-0.026533002888273757,0.11337443257082212,-5.282157676348548,-12794.195833333333,0.09418449254944923,-2.0972957423404477,1.1699981689453125,-4.309326279950903,-0.501651684729672,0.7495848260198358
C,2.9317180616740086,-0.01063878613648758,0.040628710841930864,-4.780082987551867,-12547.608333333334,0.06202908580254628,-0.9308397378356095,3.0600013732910156,0.7849603924007601,-0.4986915024423825,7.652625404686321
AXP,2.962555066079295,0.066544292620809,0.09930408331979183,-5.070539419087137,-12613.483333333334,0.12163109056458375,-2.3185244792935378,13.349990844726562,2.2200973893737483,-0.4937858529036403,2.023082114424631
GM,3.061946902654867,0.06710289337596825,0.15891122702838562,-5.095435684647303,-12897.829166666666,0.1679550670629127,-0.10140562058934847,5.189998626708984,4.038132247909001,-0.4905059111891819,-1.119501025206576
USB,3.0330396475770924,-0.03473331314549983,0.06050904322651675,-4.759336099585062,-11554.658333333333,0.04625202013177332,-2.1132394941353096,1.8599967956542969,-30.948183034210068,-0.5093040300774897,-1.1794495266604592
INTU,3.1283185840707963,0.024603928761061277,0.1111023983665499,-5.095435684647303,-12992.629166666668,0.10312550086994494,-1.6607441229436184,28.8900146484375,-1.1585916611206928,-0.5038079405274994,-0.4789541457469625
AMT,3.002202643171806,-0.07349627773742796,0.04745027801253941,-4.788381742738589,-12116.979166666666,0.03256568313508483,-13.703297291660357,-12.119979858398438,-20.89877593067,-0.4758737368530157,-0.0815999149286832
WFC,3.106194690265487,-0.07786209028570243,0.10143455963866468,-4.954356846473029,-12667.770833333334,0.12980447846840193,-0.30192641335450576,3.1200027465820312,-0.19327409410043317,-0.49213910144471845,8.387258022738676
RTX,3.037117903930131,0.12027646015315543,0.1604585461610516,-5.004149377593361,-12751.245833333332,0.1531495597322974,0.02059839331021644,-3.2999954223632812,7.771697656957426,-0.489244148256593,5.0592258347435815
BLK,3.0442477876106193,-0.07933499126156636,0.09273456477631828,-4.775933609958506,-12775.733333333334,0.10247527292286465,16.54829598520152,33.96002197265625,-3.488623268649877,-0.4902839564721167,5.18475062788545
SPG,2.8876651982378854,0.10534104470546755,0.09513133506461005,-4.91701244813278,-12338.775,0.09086396052872206,0.12436176769450416,-15.839996337890625,-4.365841850902183,-0.5128534925447658,1.5881759145106686
CL,2.909691629955947,0.018206091494133388,0.1799071149840613,-5.08298755186722,-13267.804166666667,0.15813273859775895,-1.3986785166458715,-0.6899871826171875,-0.12901296715602206,-0.4935918117276772,0.5323416677243304
PLD,3.088495575221239,0.015223140453716684,0.20711854275141864,-5.045643153526971,-11374.325,0.18810573244886744,-6.940569688876055,5.129997253417969,-3.6563098737686195,-0.4889723927982573,-0.02424339729656525
MET,3.1403508771929824,0.03806654588769077,0.20415536106792936,-4.941908713692946,-12228.316666666668,0.18959640315417114,0.9455604938149011,0.18000411987304688,0.8859648263587954,-0.47975976270983306,3.0766675271327397
MMC,2.944933920704846,0.08207671820220544,0.06059171535927462,-5.1120331950207465,-13355.175,0.033166852581089236,0.7418406010270828,-11.6400146484375,-4.155768722648178,-0.5007441178156563,4.020694885215574
MDT,2.809734513274336,0.16497365665606215,0.0481897229908529,-4.821576763485477,-12266.645833333334,0.060821293880624336,-7.4466363425075475,-1.8300018310546875,-23.152648746261704,-0.5034161325927357,1.7572329257825525
ZTS,2.9513274336283186,0.06355488386231409,0.09775331487488485,-4.975103734439834,-12370.166666666666,0.09534803943232419,-5.41001477731056,0.839996337890625,-0.7513295322866337,-0.4841605109801549,2.095161194684544
KMB,2.9166666666666665,-0.07463362226037101,0.16554177315857743,-5.020746887966805,-12486.741666666667,0.15198002823925835,-1.5764164496123867,-10.410003662109375,-2.616867804133722,-0.5135848511205303,2.3308904865389057
EQIX,2.892070484581498,-0.012293801148617393,0.022040850140373738,-5.066390041493776,-12275.516666666666,0.054577589105466624,-4.746920407594143,22.67999267578125,-2.516567667778603,-0.486598849962436,-0.09628351342092445
REGN,2.9911504424778763,-0.0568564339020174,0.04719109620304393,-5.037344398340249,-12642.633333333333,0.045563587818955746,31.430679386593223,20.75994873046875,-3.7576668975212457,-0.4840347059820381,-1.9119646272318034
GD,2.9933920704845813,0.049401024160118476,0.18289022758835377,-4.975103734439834,-12080.133333333333,0.20464605215044465,1.3322312773143832,5.07000732421875,2.350448076374938,-0.483833144519763,0.3972947609626287
ICE,3.0575221238938055,0.08436082640002998,0.16802327925872973,-5.020746887966805,-12374.7375,0.1455113497475086,-2.234731676247808,-17.040000915527344,-1.9884173408522694,-0.4917041587633612,1.043429816704473
CSX,2.9537444933920707,0.18493797244601987,0.1373944506677711,-4.734439834024896,-12435.466666666667,0.12384009902706737,-0.810098377964282,1.739999771118164,-0.18464051657550995,-0.486105578171927,1.4004670873603204
EMR,3.0088495575221237,0.061687379669734844,0.19487585508608504,-5.203319502074689,-12424.6125,0.18006027299720576,-0.06775608431982791,14.459999084472656,-2.0145381111760137,-0.5130493500772549,3.339253755749149
CCI,2.9405286343612334,0.037096702456284,0.14150981334305765,-4.601659751037344,-11320.254166666668,0.15805363703993802,-14.085941560587885,-8.370025634765625,-11.318966086671091,-0.48960355986762966,-1.208782513305329
VRTX,2.9424778761061945,-0.0541271991450642,-0.05854726846442116,-5.04149377593361,-12668.045833333334,-0.05632524046850141,11.73869017372001,-12.510040283203125,-6.950866724351265,-0.5127667422727314,0.5908933670999275
APD,3.061946902654867,-0.06721249493004201,0.022343972653648642,-5.132780082987552,-13592.983333333334,0.08129438629247308,16.62333165433445,-29.370025634765625,-0.9347862142289628,-0.5139502685946212,1.534772683175999
ADI,2.9911504424778763,0.07089366110975256,0.001752417662043589,-5.4896265560165975,-12895.458333333334,-0.0015223253843973717,5.376829190346684,22.319961547851562,-4.864436739735623,-0.49548609719000813,-0.7174627594044126
APTV,2.8716814159292037,-0.01653494648257616,0.08580611596980826,-5.074688796680498,-13145.8875,0.09520272060358066,0.9793505952762008,23.639991760253906,-1.1534122294785218,-0.49602379682712133,3.038150191297898
TJX,2.9469026548672566,-0.07062028118995027,0.15743003688280183,-5.203319502074689,-13180.558333333332,0.1439852139886716,5.958135651517406,-7.1400146484375,-0.36335892298276024,-0.4956459643391153,-0.791011914918718
AEP,2.8893805309734515,-0.021119148763261233,-0.047222971998916057,-5.219917012448133,-12877.4875,-0.06390576467301438,-2.331684637560174,-2.7000045776367188,-8.23273179515469,-0.5055863506865886,-2.0859817553746676
NOC,2.982608695652174,0.018368420891565634,0.17217028704958845,-5.224066390041494,-11832.966666666667,0.16454637066122535,10.153973156513928,-12.81005859375,2.290346833199178,-0.4828580989243074,0.6148471530706847
ES,3.0391304347826087,0.024326508439957206,0.08419786449914635,-5.095435684647303,-12326.0125,0.10205437316208374,-3.1664471374444543,-0.75,-1.049394870845368,-0.500341564851272,-2.585137776189822
PSX,2.8876651982378854,0.051068909614125774,0.01570909696562142,-5.481327800829876,-12323.35,0.008032301158008286,4.25534735937962,6.5099945068359375,6.321967620089379,-0.4861607762709737,-0.6192849957589841
NEM,2.8552631578947367,-0.056941808737546576,0.11256020535286387,-4.560165975103734,-12380.4875,0.11786841614923237,-7.4313214186418,-1.0499954223632812,0.04641188926620676,-0.4663612593414273,-4.364845440548253
EW,3.0088495575221237,-0.019678818817915698,0.10042453908032428,-5.049792531120332,-11709.425,0.11115156183312493,-8.95133423783851,-1.9500045776367188,-7.07505543211186,-0.4892121634502141,1.9335328992399925
ETN,3.1194690265486726,0.07412121015848978,0.03610199981735986,-5.5850622406639,-12158.654166666667,0.06981231332268686,7.407752725118836,42.239959716796875,3.200792080381395,-0.5188307400912497,3.9697661986038364
HUM,3.079646017699115,0.017474019188858013,0.09770171796681687,-5.352697095435684,-12734.15,0.061828344521417083,19.7179784419026,58.199981689453125,-0.014017383404625489,-0.4791467804292703,-2.264756164805627
ECL,3.066371681415929,-0.11201202954746171,0.1525883891952587,-5.062240663900415,-12791.225,0.14998668712206245,-4.942804149991123,-10.67999267578125,-17.027807740856606,-0.49657384746026034,-1.0062746204955613
AMAT,2.933628318584071,0.0968144557228991,0.10104545959345852,-5.012448132780083,-12662.720833333333,0.09804170722346048,-0.03589826693583959,26.189987182617188,-3.5107597947854057,-0.48589466950487537,-4.489273267754157
EL,2.995575221238938,0.011568227092919695,-0.019154256359721133,-4.83402489626556,-11918.720833333333,0.01930921765556004,-1.9110556620809946,25.349990844726562,-2.700190387223718,-0.4886728137026681,6.867305113622669
SRE,2.9757709251101323,0.04165355712156825,0.07152195090576927,-4.867219917012448,-12503.391666666666,0.06629596719541817,-1.0748366674259073,-0.25499725341796875,-0.6596240918895931,-0.5011156906420374,0.4700953170775325
PEG,2.9273127753303965,-0.09453629928046299,-0.04263713119855049,-4.8796680497925315,-12753.995833333332,0.003137347348175279,-3.235041555103761,1.5299949645996094,-5.083195936853753,-0.5117867082872942,0.9172890008756972
FIS,3.061946902654867,-0.014858798595366653,0.1663094953708058,-4.771784232365145,-11230.641666666666,0.14263564240292678,-9.673538188910642,0.1500091552734375,-12.512607042710261,-0.4886903959997058,3.6021233683868377
AON,2.9646017699115044,0.06541137917156654,0.06554783026708454,-5.186721991701245,-13060.279166666667,0.058108369256020295,3.2815227328676895,-12.989959716796875,-4.874227210080725,-0.5086062451173768,3.7255766386541476
EBAY,2.909691629955947,0.027628575625979316,0.1278922343481711,-4.6887966804979255,-11993.333333333334,0.1100225497632159,-1.920263130334345,1.7999954223632812,-7.612277851899608,-0.49195120961390293,1.4746529196935938
CME,2.814159292035398,-0.08917430335509857,0.23929733700187925,-4.796680497925311,-12158.575,0.24837709179535275,-11.447404051924881,-14.519989013671875,0.06003075167639714,-0.4641116434456362,-0.7056140767827247
MCO,2.9070796460176993,0.02863862931527179,0.023829044463011092,-4.858921161825726,-12366.504166666668,0.053627298092202645,-4.43441054442817,15.21002197265625,-0.480768359581516,-0.4969883711684721,3.2706428973759487
BMY,3.0682819383259914,-0.026164050144944224,0.07627539715475319,-4.821576763485477,-12397.391666666666,0.07204620963104072,-1.5551982793250347,-1.0800018310546875,-12.211033201616107,-0.4811964346637118,-0.07113748325506365
SYY,2.911504424778761,0.15371952902787556,0.12670888531589158,-4.730290456431535,-12815.204166666666,0.11723810429114233,-2.395950462251442,-4.200004577636719,2.8300437891248986,-0.5086406987455989,-3.7833000592502852
WBA,2.7334801762114536,0.006213694199533993,0.14622491506408372,-4.473029045643154,-12551.883333333333,0.12823673913241962,-2.3756257569845594,-4.439998626708984,-0.15339097517154354,-0.4843779319700426,-1.4404339751958017
DXCM,2.8893805309734515,0.02937373103600215,0.036592011829394165,-4.858921161825726,-12115.4,0.04617318136178555,7.471102690628895,5.459999084472656,-1.3733183622046337,-0.48397737901636895,5.687373673957926
WELL,2.9867256637168142,0.06971906987559406,0.05344633833464212,-4.556016597510373,-12594.745833333332,0.056261940089663814,-6.776361536519837,0.20999908447265625,-0.7488871905910031,-0.4916239598581937,3.6116413958250804
ORLY,3.0726872246696035,0.09483636537816836,0.2569606475133726,-5.423236514522822,-12104.275,0.2296562999636512,66.85719686520551,-95.10003662109375,0.2647462658909616,-0.5027755353256127,4.61856658926775
LHX,2.9405286343612334,0.10233589101816305,0.1722314047385103,-4.531120331950207,-12463.991666666667,0.17722675199603996,-10.780170495323736,-6.2400054931640625,1.4768691716885636,-0.47494282153908224,2.6151949719678536
LIN,3.185840707964602,-0.034773152076917904,0.2705946010852864,-5.348547717842323,-12135.979166666666,0.2577685353012835,7.473694845198019,-14.93994140625,-1.285781011002851,-0.5216740192805532,1.7598163770521018
D,2.8347826086956522,0.18108992860749792,0.04693539005363856,-4.6929460580912865,-11754.816666666668,0.02930011334769654,-7.224174939451452,-0.14999771118164062,-2.492961299136145,-0.49576559081416566,-1.0351940710810534
FTV,3.066371681415929,0.0689264708809196,0.056640153750889946,-5.381742738589212,-12586.954166666666,0.04692816807655369,2.759158607342175,10.245014190673828,-0.6967356876688926,-0.5150542804195848,3.3856522539059553
ROST,3.0633187772925763,0.018674478461960686,0.1291868393467287,-4.734439834024896,-12372.3625,0.12950953028876702,7.767995501617328,-8.879997253417969,-7.750089758549501,-0.48804946500621954,-2.766313733239335
SCHW,2.8628318584070795,0.07235134091289117,0.13602552272254298,-4.643153526970955,-12565.925,0.15614112907140767,1.389562471052683,7.199993133544922,-0.07893904350129,-0.4930511813454265,4.408350203952062
CMS,2.89647577092511,0.10735799580698874,0.05772762402847954,-5.070539419087137,-12878.0,0.04727675250178811,-2.871194985559231,0.17999267578125,-4.1680754118360195,-0.4969116855264841,-2.3083136199592347
A,2.8672566371681416,0.03961878280636311,0.017254278321091786,-5.157676348547718,-13148.225,-0.004268645586571651,8.08146563343943,-6.3900146484375,-4.489183575841702,-0.5100064808024558,0.7100389053781536
KEYS,3.0353982300884956,0.022142443267185497,0.06580258364401037,-5.531120331950207,-12634.8375,0.06958659734207678,10.062018851857776,16.889968872070312,-23.053653440969423,-0.5086411376032746,-4.535924797368597
DG,2.927947598253275,-0.004821280771912808,0.20258532109929994,-4.800829875518672,-13312.4625,0.20038673646772234,0.7342717500268192,-7.4700164794921875,-3.02677090339267,-0.5017627651534655,-0.23066987113446874
QRVO,2.9424778761061945,0.031298793055025434,0.08629933743195183,-4.871369294605809,-12791.841666666667,0.11120944999493912,-4.249410732634262,15.869979858398438,-3.6635272759317887,-0.46939158356944954,-1.754199813528616
RMD,3.101769911504425,0.0016424436893340906,0.052443173667097574,-5.037344398340249,-12201.125,0.0392062068349823,2.2079193287546772,-10.1099853515625,-0.5796926201451568,-0.4965245741525608,0.3376249221485095
LUV,2.893805309734513,0.11477728832051394,0.10060558517244973,-4.788381742738589,-13020.891666666666,0.08121671152736283,-3.2180287704388495,2.9099979400634766,0.4398965616487609,-0.4964919340264138,-0.3419235371933597
TT,2.9734513274336285,0.007263044910333176,0.06318575692691371,-5.273858921161826,-13239.191666666668,0.09563909052082958,13.0050073468845,42.269989013671875,-5.8133859897305795,-0.5107968134237989,2.9224385452235055
BK,3.017699115044248,-0.04225071625240877,0.1951153050049726,-5.390041493775934,-12028.033333333333,0.19025815480222177,0.6320333249359689,2.039989471435547,5.830822191768856,-0.49345524006787694,-0.7517138094825632
MTD,3.0682819383259914,0.016772034005777894,-0.015234747131958336,-5.253112033195021,-12093.508333333333,-0.0024207455444736235,71.01015150860874,46.650146484375,5.474776353176145,-0.5033374951131216,4.441944861984889
EFX,2.9469026548672566,0.08834577312558878,0.08520964332681397,-4.937759336099585,-12271.945833333333,0.0960470368699012,-1.641585964782854,7.469970703125,8.091278913485322,-0.5050263999570329,-1.4967594747661703
PGR,3.0,-0.01249879260630608,0.1670269672293479,-5.655601659751038,-12692.345833333333,0.15166174555951958,8.268499066228337,-7.5299835205078125,-0.38856870344308486,-0.5006325633847395,-6.979861675492869
IDXX,2.9513274336283186,-0.06610551838035394,-0.03860526244458909,-5.149377593360996,-12279.1,-0.01817767112623723,12.22592547822872,31.800018310546875,-0.6340018291953156,-0.49596536097816507,1.0267788198211418
MCK,2.936123348017621,-0.011230827452888854,0.18203739143923972,-5.199170124481328,-13189.095833333333,0.18068177039259506,16.43031877686604,-23.339996337890625,13.626970731491493,-0.4874170394545445,-2.8346359089109896
KMI,3.0807860262008733,0.051519063341922224,0.22129004212340517,-5.261410788381743,-11970.570833333333,0.20808634768639284,-0.2823614796855993,-1.4400043487548828,-1.2499821185895144,-0.5183706210654827,-0.28168584259463025
TYL,2.8761061946902653,0.03192980989885099,0.1046955626019983,-4.850622406639004,-11957.704166666666,0.1087072106496449,-13.558674503299198,19.67999267578125,-0.5693742451907682,-0.49288575354261716,6.549222046740494
HCA,3.0814977973568283,-0.1228927062303812,0.09853166994985954,-5.452282157676349,-11969.908333333333,0.10876739741720917,11.001863821224855,-18.870025634765625,-5.1931629024936505,-0.48788909331714236,0.169756075587288
IQV,2.9469026548672566,0.014951679893400531,0.15376878554652082,-4.95850622406639,-12774.075,0.1326733329625362,-2.7384182833174635,2.940032958984375,-0.1863805157531317,-0.5048107726357468,2.9661213652264684
VFC,3.0265486725663715,0.016871680434210216,0.2005112655125856,-4.282157676348548,-10815.833333333334,0.15576137803573759,-6.6988080764677695,3.0900020599365234,2.195403748754274,-0.4663183333990762,4.495419650836197
RSG,2.9669603524229076,0.07118090612738481,0.03082757212832479,-4.987551867219917,-12360.191666666668,0.012830208174879194,-0.2702191175768377,-12.900009155273438,-17.23697872392813,-0.49161670042287337,1.9933327174790196
VRSK,2.8716814159292037,0.020900248496560497,0.08105169917261373,-4.970954356846473,-11876.75,0.10094265978297552,-4.321622438175624,-0.92999267578125,-16.17189269883138,-0.49248669534958744,1.5137206801028384
PAYX,2.9690265486725664,0.07685017087647737,0.0875249627331618,-4.746887966804979,-12569.85,0.09866323548913446,-4.101905801624317,17.07000732421875,-0.6293889372517001,-0.49562814979259484,0.0
PH,3.172566371681416,-0.023552969325945857,0.07229749292578572,-5.5020746887966805,-12395.504166666668,0.09697908953255825,16.63475647330938,70.28997802734375,0.07216731886799899,-0.5216143537728208,3.023764436105536
PEAK,2.893805309734513,0.037055553392391284,0.08872410153381179,-4.54356846473029,-12140.108333333334,0.11056336807110147,-2.0681550209143356,1.3949947357177734,-1.671889741566357,-0.483546613576376,-2.1679022790000566
CTSH,2.9757709251101323,-0.00814193166338104,0.1428131901657568,-4.651452282157677,-12105.133333333333,0.15764895423499864,-5.664592671723026,-1.3500022888183594,-0.2636590315874756,-0.48945719385908165,0.016361187094325585
NTRS,2.911504424778761,0.053899774749112665,0.032199633927124396,-4.950207468879668,-12645.579166666666,0.05216184592383321,-4.803093252351032,1.5599899291992188,2.685457828310331,-0.5125806660837386,-1.9945293396486703
AKAM,2.9734513274336285,0.11823658777143721,0.11610905098321966,-4.755186721991701,-12698.558333333332,0.1310297303783166,-7.875812140618688,-2.2200164794921875,-1.59049876899785,-0.4858918734018926,5.867309396560072
AWK,3.0770925110132157,0.030571878698200824,0.1000715944423525,-5.029045643153527,-11810.991666666667,0.09836498470963066,-1.9616405719238956,-6.3599853515625,-2.5000344319117183,-0.5095095300385789,-2.495222398684865
ESS,2.84070796460177,-0.0668599374889906,0.11286810614034616,-4.597510373443983,-12262.845833333333,0.09388995905605704,-27.475480697027418,-11.309967041015625,-11.183206758941033,-0.4831974178746535,0.631020450773158
ULTA,3.1200873362445414,-0.017438254020025364,0.0674303520921428,-5.522821576763485,-12039.954166666666,0.03828044752134683,32.65370811983567,68.6700439453125,51.76358439075044,-0.5203588158088002,2.277791912156228
OTIS,3.004424778761062,-0.006749854462653493,0.03191447091638479,-5.4896265560165975,-12591.6875,0.05048923013404023,2.075842759315976,17.669998168945312,-1.5894713418317068e-05,-0.5214544573832807,3.993433301898517
MNST,2.988986784140969,0.08129307061251319,0.09125814864345348,-5.485477178423237,-12399.775,0.1126481311102466,2.7213164838510564,5.7599945068359375,-0.055740568435632354,-0.5186717478341126,0.6303760089273391
CTLT,3.0530973451327434,-0.05034546596567758,-0.04152204617667275,-4.721991701244813,-11400.45,-0.04835128653865139,-9.166988048693897,4.67999267578125,-0.2838223693708847,-0.4841852799232678,-37.43681163461077
TTWO,2.915929203539823,-0.0861522465642907,0.03751915611310357,-5.074688796680498,-12125.116666666667,0.059359693995966696,-4.549209375538944,-1.7099990844726562,5.523925676755427,-0.4795679811496935,2.7015834586357164
PAYC,2.933628318584071,0.01102470429419989,0.015986593363129388,-4.875518672199171,-12633.054166666667,-0.00223069483787417,5.1431445019887,46.32000732421875,-3.152674118172449,-0.47792367872232644,3.695904851670764
WST,2.9026548672566372,-0.02360616787572341,0.05396764986293499,-5.3029045643153525,-11748.204166666666,0.05732745212796154,-15.169826815486955,3.120025634765625,-2.022653879492011,-0.4964574960435977,3.507815750573704
CARR,2.9911504424778763,0.025996604373334137,0.10827428235720009,-5.224066390041494,-12653.6125,0.09987687076649979,1.61440684385714,11.819995880126953,-1.343110058324049,-0.5031625084435679,5.933811303786894
TFX,3.017699115044248,0.032157943233331945,0.004406459327380144,-4.871369294605809,-12756.891666666666,0.0037439908182321274,-20.44593518469792,-7.019989013671875,-29.617427817833658,-0.5040411689087798,-0.7301237070130583
CDNS,3.1106194690265485,0.08785209507958278,-0.021419506610671105,-5.5103734439834025,-12481.375,-0.01629933035245307,10.536124483670779,10.199981689453125,-0.3610447647730176,-0.49907649696619205,0.07490457452937305
DRI,3.0330396475770924,0.0048494238299258054,0.1105434106597381,-5.3112033195020745,-12537.629166666668,0.12233769985309804,7.307772146486504,11.580001831054688,2.871049719060669,-0.5075092074240639,0.2046188505569307
DTE,2.856828193832599,0.1260836876940774,0.04888612599670896,-4.863070539419087,-11535.2,0.07259845373624417,-5.310205896502541,-3.57000732421875,-4.52399826939036,-0.5035974534151713,-1.3645527531778285
ATO,3.0088495575221237,0.020208835949816782,-0.019883537319810598,-4.970954356846473,-13053.6625,-0.02632248718762247,-1.1227689149943814,2.3999862670898438,-0.7789941240394803,-0.519754009126524,-2.1280272483823115
TDY,3.0283842794759823,0.02542168063944614,0.19506861484790144,-5.170124481327801,-11762.729166666666,0.20568256951427805,-3.961485394433831,36.120025634765625,0.6460970696174015,-0.49430620931366853,-0.016050835388607586
LH,3.106194690265487,0.018173392170933035,0.20937499162058823,-4.863070539419087,-12305.941666666668,0.1828947898262578,-4.926661400624551,-18.298965454101562,1.9296563740645345,-0.5024974889535266,-0.8312543178155508
GWW,3.1194690265486726,0.0018034374871115778,0.1868088140647458,-5.24896265560166,-13226.358333333334,0.17049109546331465,46.2746003657587,121.64996337890625,1.3991925242689685,-0.5114775209235549,2.2841010009724063
CBRE,2.8584070796460175,-0.016382873903037786,0.10092584251165389,-4.95850622406639,-12141.004166666668,0.11519727200426794,-0.8938503430848235,4.440010070800781,-1.1141075600257309,-0.4968696028880517,2.9020821976496447
FLT,3.088495575221239,-0.047744610451111946,0.12136401556058235,-5.149377593360996,-12321.2125,0.12444524663337586,-13.963539078253604,5.85003662109375,-4.759712472750552,-0.48462509376172347,5.555556764153375
HII,2.9017467248908297,-0.013220634782325867,0.09647177164151396,-4.9004149377593365,-12802.991666666667,0.11382145470355862,3.101232344434108,4.2000274658203125,29.818114132417946,-0.50700395032043,1.120758386876393
KHC,2.8127753303964758,-0.007376773716602548,0.051340856433047324,-5.0995850622406635,-12602.283333333333,0.046796468796334915,-0.41257083701885655,1.2599945068359375,0.8102590659890401,-0.525971362289838,0.9207177094644495
CDW,3.079646017699115,-0.024985602375024483,-0.00042624954178075065,-5.228215767634855,-12642.583333333334,-0.004561942263923132,6.861282515207004,24.449981689453125,3.940849179365995,-0.5116182923078054,0.6612357407926839
ROL,3.0242290748898677,0.022601440303902293,0.04698447717565676,-4.763485477178423,-13030.304166666667,0.06090128118609194,0.921554601201755,-1.7700004577636719,-2.2925704170639447,-0.48587432104989864,1.6861259111362543
LRCX,3.0265486725663715,-0.04212775186270573,0.03227749802427783,-5.04149377593361,-12701.770833333334,0.03700405102215054,2.8723066646556057,102.50994873046875,-12.676698698500859,-0.4855192315306102,-2.3824531079236553
WAT,2.7389380530973453,0.08464010606461443,0.0957143142519951,-4.950207468879668,-12867.3875,0.06940632014199863,2.3104216004375844,17.85003662109375,0.9875587817396398,-0.5112628731516256,2.9957921376114203
FFIV,2.9513274336283186,0.07950061534518085,0.10678631673170008,-4.771784232365145,-12261.054166666667,0.10058128632116915,-11.563859408567028,-12.119979858398438,-29.82829806511473,-0.5057484501316418,-2.5307002451606433
MSI,3.0973451327433628,0.01854133152004003,0.09551265880739133,-5.443983402489627,-12729.0,0.05852191264536977,16.40462852684346,5.39996337890625,-0.7060902460088725,-0.5101391143346139,2.4257827379094996
WDC,3.004385964912281,-0.027711579213175602,0.05303305095356596,-4.676348547717843,-12448.295833333334,0.02939008716722534,-5.515542494506016,6.420009613037109,-1.5833684340430065,-0.4796505022305285,-6.098842373784566
CMI,3.043859649122807,-0.05249794596818181,0.1400542270023627,-5.3070539419087135,-12745.625,0.16710324254068484,15.306933206611184,51.300018310546875,0.5750803112783753,-0.5060870345019517,4.545861721025117
K,2.9541484716157207,0.055411017232335304,0.06071597275100523,-5.253112033195021,-12382.4,0.04541964766048022,-0.09350612452268145,-2.5915489196777344,-2.3201014769441706,-0.5193604826430694,-0.029507876589105246
RHI,2.8893805309734515,0.030444938850614472,0.09820717955576078,-4.730290456431535,-12366.0125,0.1324395984891429,-6.510326422531174,13.439987182617188,11.681539588397245,-0.5033902758387397,0.9338374949122951
KEY,2.8628318584070795,-0.047583654609553196,0.1719778670933242,-4.6887966804979255,-12444.395833333334,0.18150404441415072,-0.9396531585862932,2.520000457763672,-0.7980089863033172,-0.4867866896778178,-0.24752255160444295
HES,3.1359649122807016,-0.03413181880557039,0.17061341900566926,-5.609958506224066,-12286.2125,0.15455835481250907,10.270308703466895,-25.980010986328125,0.8318361847169593,-0.5268559323398143,2.4379970322926057
AKZOY,2.827433628318584,-0.03307582045693689,0.15883002467602395,-4.921161825726141,-11199.441666666668,0.16964692926030633,-0.768337549067285,-5.310001373291016,-0.09411607894312812,-0.5276119331030853,2.8990981673438494
BAX,2.8451327433628317,-0.08498675554028928,0.2569688355909705,-4.66390041493776,-11638.675,0.18234391771536623,-8.629613956584963,1.7700004577636719,0.33636998895980363,-0.48623116991172505,1.541383813380334
CINF,2.9695652173913043,0.07278409759429925,0.108179759166271,-4.975103734439834,-12160.954166666666,0.12315627460023126,-5.105900042187281,4.049995422363281,-0.7563476266219354,-0.5053392295477637,-3.1174209835702413
ANSS,3.0309734513274336,0.04095431182098807,-0.02909078247178794,-5.344398340248962,-12091.666666666666,-0.027530992469537732,1.5448073874476946,24.059967041015625,-0.03170521239383228,-0.49783325802898587,-0.1429255096669816
CBOE,3.106194690265487,0.09135029792791172,0.04694506052499135,-5.402489626556017,-13310.9375,0.052199217514122084,3.9592128865708283,-6.2400054931640625,0.7855367467339912,-0.4851136899285029,3.010732362288257
PXD,2.893939393939394,0.09188530013649014,0.1251584665530321,-4.950207468879668,-12347.083333333334,0.10069106669046593,-8.917998486741983,-34.74000549316406,3.133862132368094,-0.4893264538385758,3.7507921446961676
CTVA,3.0486725663716814,0.04468440141646129,-0.03644883987245908,-5.141078838174274,-11947.575,-0.029047721187866235,1.295601421642255,3.8250045776367188,-0.20892075379427794,-0.515826337013324,4.445182060837492
PKG,2.9734513274336285,0.03589379721862223,0.13348025077462608,-5.1203319502074685,-12788.720833333333,0.11278934012147052,-7.72619805914864,-18.150009155273438,-6.748998040656447,-0.5085779199479815,1.3692855454825053
HSY,2.944933920704846,0.001969960776888947,0.08618041756222264,-5.373443983402489,-12351.104166666666,0.09295898439104931,5.512585960075819,-2.6400146484375,0.5915902773366073,-0.5135768982809547,0.3285047743055556
SNPS,3.0929203539823007,0.050184675066571295,0.048878478014301244,-5.443983402489627,-12606.9625,0.026853775481702473,16.207150032696713,32.129974365234375,-0.8345773104980707,-0.5022211090585261,0.11579316632389705
COO,3.017699115044248,-0.034180726106221075,0.0947326749695437,-5.265560165975104,-12752.566666666668,0.10088360591710815,-2.211401982568156,2.4900054931640625,-3.5330112536336804,-0.4929661173012991,2.1425464120819666
RF,2.9690265486725664,0.11874565167082625,0.1484185533186352,-5.178423236514523,-12393.816666666668,0.17149857844435754,0.32441863695259604,0.8700027465820312,0.20166350279996442,-0.5103927123205502,1.5752358388428187
AEE,2.8893805309734515,-0.027681965769663176,0.056633593984984305,-4.991701244813278,-12665.816666666668,0.06541973222049768,-2.610699890339261,-0.7199935913085938,-3.9923218975381554,-0.5072458172112286,-1.9109000998576768
ROK,2.905286343612335,0.002459527655279013,0.042032031065722286,-5.2946058091286305,-12042.675,0.03317360400654621,19.102287169854332,53.6400146484375,0.9254120231154694,-0.5076906435192569,0.5922226138759784
DXC,2.836283185840708,0.018487206675811645,0.14925802274475905,-5.020746887966805,-11843.466666666667,0.1511312660382351,-0.9035217266576423,2.099996566772461,2.2399917602830097,-0.47236296104561054,1.0769862826101841
AME,3.16079295154185,0.10556366174013572,0.07853753329502028,-5.3029045643153525,-12983.245833333332,0.09901428229055771,5.6788251478021206,26.010040283203125,-0.6400248209635416,-0.5254266424876227,1.8058204728372804
AZO,3.0682819383259914,-0.017505302097536143,0.13161041620841557,-5.352697095435684,-12927.3375,0.11834658635932044,147.33315705786765,-243.570556640625,-0.4907879318554516,-0.5081429924490737,4.979955052983918
LDOS,2.975982532751092,0.001964971794395562,0.18078599713448795,-4.647302904564316,-12666.979166666666,0.17769082899543445,-2.0054689552041296,3.92999267578125,1.1856684665546804,-0.47182954962784546,0.4967592786745154
JNPR,2.856828193832599,0.03376286952644626,0.1606288749011511,-5.157676348547718,-12932.9625,0.1766545370123693,-0.3035954500020511,2.5800018310546875,-0.5532884429056286,-0.5168205544428798,-2.2995248272477364
MLM,2.915929203539823,-0.015281552345567594,0.09341232509059341,-4.991701244813278,-12854.35,0.06059860902848053,1.734897574899084,63.660003662109375,-0.8545810857163195,-0.5021865037327529,3.8093282431267106
MGM,2.933628318584071,0.08616990169283027,0.03988886584513264,-5.261410788381743,-12068.633333333333,0.05153608785894241,1.1132793838552135,4.589996337890625,0.904079865785294,-0.47183319068448215,3.2654002719937436
WY,2.8716814159292037,0.0333408737629262,0.01796852039045567,-4.643153526970955,-12189.95,0.04876641474369446,-2.7488614705439582,-2.7900009155273438,-0.08571265084846247,-0.4831611039317169,3.2533676016749067
ETSY,2.9292035398230087,-0.013720906964958578,0.06368029507290972,-4.979253112033195,-12005.304166666667,0.046866479944547644,10.988552989939604,15.419998168945312,-1.3667720688674456,-0.48570701647604503,-0.8443349561839225
ODFL,2.853982300884956,0.03337409422169368,-0.060457489613116595,-5.037344398340249,-12963.4875,-0.025731702000729124,9.256021128917492,16.560012817382812,0.06200722022037397,-0.48955155939960154,2.5717569616200833
AVB,2.938053097345133,0.07852252439237015,0.006098294544143272,-4.680497925311204,-12787.8375,0.024391276430200986,-18.506372395802146,-17.6099853515625,-5.218108188423055,-0.4880248713757254,2.787339783615126
AIZ,2.9757709251101323,0.059253793339329314,0.13551172562677855,-4.759336099585062,-12312.304166666667,0.1399463614924096,-18.87075779365164,6.17999267578125,-0.4131948399585542,-0.5158674789922364,-1.8006712716941737
WRK,3.0434782608695654,0.08851301614337811,0.06816989176661022,-4.846473029045643,-12234.5625,0.0750947987167543,-5.3638991427605704,1.1699981689453125,-0.5363416834444314,-0.4931391379868261,1.826026632589381
FTI,3.16079295154185,0.03641743986335472,0.03794121187156216,-5.609958506224066,-12291.216666666667,0.019582432159826704,1.8692018415957148,2.280000686645508,1.1730732903684788,-0.5096417345846265,-1.4063695842982433
EXPD,2.7831858407079646,-0.023448790412570218,0.047120287861850914,-5.024896265560166,-12400.033333333333,0.05635875686691698,1.5382149249890973,6.1500091552734375,0.7124452255086193,-0.49943520019047105,3.612219613204088
GL,2.8788546255506606,0.06945057199801401,0.05989935178173549,-5.2987551867219915,-13124.033333333333,0.054038899980967885,5.738110717538094,9.059989929199219,1.7299647427776936,-0.4882952267737864,1.423949046509113
HST,2.883259911894273,0.04357509337693708,0.05683750830171008,-5.161825726141079,-12883.420833333334,0.03869647750014223,-0.8028286472404366,-2.3100013732910156,-6.666471697605564,-0.492335230120356,2.2126533059262856
URI,3.168122270742358,0.09892558356444862,0.13213329193064474,-5.423236514522822,-12851.0,0.12943365320310232,31.605751002971868,120.30001831054688,0.19752987081732287,-0.5144410710395331,6.127366142934355
NVR,2.9601769911504423,0.03146050424502948,0.035967858625822344,-5.5020746887966805,-12766.691666666668,0.007653063965956959,218.79749938176087,-346.68017578125,2.1788363901774734,-0.4871743777228819,6.386460245924938
RCL,3.101769911504425,-0.02051940421700232,0.060848621398871865,-5.074688796680498,-10905.245833333332,0.08884306950828923,2.39991039802907,8.85000228881836,-5.875769398607232,-0.46458727467562677,3.368081035307028
LKQ,3.0956521739130434,-0.024849252411712364,0.132185875906158,-5.535269709543568,-12726.775,0.12557092894557603,2.206696524782659,7.199993133544922,-0.26720101068525837,-0.5188583459486427,1.745548364279496
WAB,3.0309734513274336,-0.07355012100573159,0.051881005471052316,-5.319502074688796,-13166.033333333333,0.08598445029117512,3.791830780088064,11.969993591308594,0.4527469784910343,-0.4979138253924339,2.190895367017304
WHR,2.9185022026431717,0.05402053812085895,0.0397445312414902,-4.5062240663900415,-12596.520833333334,0.04573429667994582,-13.949296798293277,9.479988098144531,29.6033894201839,-0.46534059177793324,8.142233001043692
PVH,3.0330396475770924,-0.04681894520484417,0.09628959699840121,-5.24896265560166,-12631.683333333332,0.08823127920356649,1.148067387930875,13.980010986328125,2.330637123651769,-0.47679146515370274,-0.2992570385074557
MOS,2.9424778761061945,0.0639740070048919,0.1225873615201445,-4.8838174273858925,-12229.108333333334,0.11374786793695817,-6.271720419689645,7.5,1.9674851211244366,-0.5080860345346399,2.961482599807507
HBI,2.8672566371681416,0.09239222711829014,0.1910959537995841,-4.199170124481328,-11207.295833333334,0.1710811208672757,-1.9622183815032554,0.4200010299682617,10.499763573693235,-0.45744203977697523,-3.4000015258789062
MKC,2.83920704845815,0.05674632044314623,0.03844780072708363,-4.800829875518672,-12249.504166666668,0.04111618672508032,-5.868003143802685,-25.37999725341797,-0.3500725513951145,-0.5131360958011278,-0.1173002628986437
AMP,3.0575221238938055,0.021755775794282096,0.1846449692072005,-5.215767634854772,-12347.233333333334,0.1605219010911962,18.204611104807444,21.50994873046875,2.0877642447423677,-0.49625116235714206,4.4924873978344095
HOLX,2.969298245614035,0.019761281985179197,0.09964274964380589,-5.373443983402489,-12632.845833333333,0.10271782016427845,0.8343486237977432,-1.6199798583984375,-3.344077092322326,-0.5045239663338432,-0.6741273150969342
TPR,3.017699115044248,0.024560515966106283,0.08443150825282289,-5.3029045643153525,-13006.25,0.10159728362943393,2.7299451592961073,10.07999038696289,-0.08325101085758901,-0.5090124665293886,3.0836962866172652
VMC,3.0088495575221237,-0.14111548706090307,0.11355037221200014,-5.091286307053942,-12529.583333333334,0.12210451223024793,3.102629392826164,28.1400146484375,-12.856740107471488,-0.4997054078919652,3.825074582033159
JBHT,2.8876651982378854,0.07462742649780492,0.031246641971679208,-5.153526970954357,-13658.583333333334,-0.005760814655715459,3.13258975307938,8.009994506835938,0.6099870255501757,-0.5078549184509836,0.447914770891656
LEG,2.944933920704846,-0.003105847501404078,0.11624344506914021,-5.141078838174274,-12850.354166666666,0.10330380893522162,-1.0827273347455224,2.8799972534179688,-2.9999701974597106,-0.5029742412299125,3.2924482660920074
WU,2.9424778761061945,0.0431815410564939,0.07680039448682342,-4.634854771784233,-11271.420833333334,0.03741975590963242,-1.4738281548575372,1.380000114440918,-8.357387607539515,-0.4843795536214617,-0.2710003053136288
IPGP,2.7920353982300883,-0.06583103817104244,-0.006557503525480462,-5.1161825726141075,-12179.770833333334,-0.0028108988578359156,2.8415129965940547,20.130020141601562,-4.69733842312102,-0.48675397719572583,-1.8971061826979905
COTY,2.9734513274336285,0.00996892784033029,0.04065153432503395,-5.713692946058091,-12853.333333333334,0.03372934931246842,0.7145676487348452,1.2299995422363281,0.21427949702840626,-0.5034401468894059,6.457087898464884
HAS,2.8805309734513274,0.06092681976324881,0.23085363037891535,-4.340248962655601,-11821.016666666666,0.20011093502047422,-8.939117544580414,2.9399986267089844,0.5751806846931372,-0.4816938780483886,1.0725941067054356
NUE,2.9342105263157894,0.0011230109918572736,0.05970354914174729,-5.136929460580913,-12957.658333333333,0.050760641344507154,1.3131861605131105,30.990005493164062,-1.4098293009624419,-0.4844207074531846,2.887500407863992
BKR,2.9537444933920707,0.24829164296373482,0.16902987824492047,-5.20746887966805,-12332.404166666667,0.1462305832554644,-1.454120620612196,4.020000457763672,7.7285828824064735,-0.49183767098329945,2.323968359580272
HPE,3.0398230088495577,0.030498093569832744,0.08953597740899678,-5.273858921161826,-12189.008333333333,0.10832083469624511,0.040028378575174835,0.060001373291015625,1.4206505270114853,-0.5143057373858159,-1.7434604127165287
VTRS,2.8628318584070795,-0.04154015504566107,0.10686830365413903,-4.775933609958506,-13003.4625,0.10111312852206668,0.02458931860743717,0.3599996566772461,-0.5571437524215576,-0.4951267419003163,0.3045658051712189
GLW,2.8700440528634363,-0.0027668229615629442,0.01801407363686945,-4.946058091286307,-13192.408333333333,0.038398086689485036,-0.19454555378223745,2.2799949645996094,-6.85720063094772,-0.5101507709542076,-1.0894525701795454
OKE,3.1008771929824563,0.07978050102640773,0.18206667751725866,-5.33609958506224,-13044.266666666666,0.14399037718170724,-0.012902531926314336,-8.130008697509766,2.644368152245322,-0.523823678205205,1.0140732133192347
IT,2.906113537117904,0.049215286442448665,0.04389448954876385,-5.157676348547718,-13104.679166666667,0.055458051506191916,21.23300997727146,43.980010986328125,-4.216981694130098,-0.5114136838294041,0.9755966047011502
FE,3.041850220264317,0.0854776418786062,0.08020639092846918,-4.962655601659751,-12495.966666666667,0.09753250214272238,-1.0092160459768929,-2.1300086975097656,-2.9944548171047476,-0.5165850916122574,-2.363723019481087
PNW,2.9933920704845813,-0.0399503275493923,0.14623634191931228,-5.261410788381743,-12897.170833333334,0.14504222156122779,0.22159938049930356,2.1900100708007812,-2.6625586251154965,-0.5130491395272684,-1.7532903069118977
GRMN,2.933628318584071,0.05627425387749868,0.07174733214816724,-4.941908713692946,-13055.1375,0.08755025592430225,-4.021344928659742,8.370002746582031,-1.0419054905517076,-0.4951574737054872,1.2008958676184387
SWK,2.995575221238938,0.019162254000899652,0.059908164611423106,-4.348547717842323,-12931.7125,0.08135335624545056,-16.4807753775407,16.1400146484375,-0.09474728761257978,-0.4811501051528314,4.479154725733759
CNC,2.893805309734513,0.030734872671329554,0.19460780275211617,-4.9004149377593365,-12695.191666666668,0.16998876116718348,-2.7786678675725978,3.930004119873047,1.8266781277169852,-0.4604658780416505,3.9354653533800508
GPN,3.1548672566371683,0.01709519017817237,-0.0491194205904434,-5.203319502074689,-12043.279166666667,-0.044852020968990186,-7.656027877315365,3.7799835205078125,-5.435003718678507,-0.5017806555341433,4.093504924817706
TDG,3.185840707964602,0.05593270671942571,0.12855565644274244,-5.634854771784233,-12818.275,0.15364538657500065,29.822189731502984,56.42999267578125,-0.2606625157517407,-0.5107929861308311,3.8860378758790164
BIO,2.97787610619469,0.058438429579929646,0.0073405551178070015,-5.029045643153527,-12078.591666666667,-0.027439145707147554,-25.0908942977663,13.050018310546875,-0.1301901884381933,-0.47960774213412793,1.9597810864660146
ARE,3.004424778761062,0.027557706086844373,0.1686526225800226,-4.618257261410788,-11867.65,0.15525922860378008,-9.105026775791051,2.5499954223632812,-14.278058390091815,-0.4745838944610164,-0.4999154442584498
ANET,3.2224669603524227,-0.09559872713894843,0.08702997962764787,-5.460580912863071,-12346.125,0.0793125237903942,7.857767771432606,23.6400146484375,-7.790964978709178,-0.49227422948042476,-0.2697250219065058
IPG,3.050660792951542,0.09503586890432358,0.1044030436719227,-5.08298755186722,-12761.570833333333,0.08342119885451685,0.7335231484098149,1.2600059509277344,-0.7395761779242872,-0.5216507980478755,3.6147832846488632
TSCO,3.079646017699115,-0.0013685171789452244,0.15827181692798273,-5.16597510373444,-12666.591666666667,0.14665179547602325,6.598110305730138,17.82000732421875,-0.6687611213345942,-0.506555174300333,2.791869032449505
ALLE,2.9734513274336285,0.024927837939028478,0.06406370303749413,-4.987551867219917,-12306.266666666666,0.04755602682044762,-0.3647975462458433,21.98998260498047,-0.07051907181002837,-0.5169469044514432,3.915122945514888
KMX,2.8700440528634363,-0.12407562045191135,0.1406017037289919,-4.738589211618257,-11767.254166666668,0.14934219926712017,-7.950753840479129,-10.919998168945312,-0.8034326650431545,-0.48788565106760395,4.873973663413729
MHK,2.758771929824561,0.1893569148184968,-0.042135146748731644,-4.580912863070539,-12979.3125,-0.037470144867262564,-11.076072208384804,20.100013732910156,6.551235602887642,-0.48842650786891567,4.001267806887397
CAG,3.063876651982379,0.05974856920600722,0.01952033978729397,-5.439834024896266,-12582.670833333334,0.01907430585361917,0.7921253553301921,0.12000274658203125,-3.823591167478739,-0.5236723173305816,-0.984825485467699
WYNN,2.9690265486725664,0.13404418995991574,0.04758470283077003,-5.460580912863071,-12179.416666666666,0.095810837530571,10.658343764306865,16.95000457763672,-0.7575025745967701,-0.4935879814498362,2.0287512682688673
EXR,3.084070796460177,0.05839642643976489,0.008010859104040424,-4.863070539419087,-11949.141666666666,0.02476638133940064,-10.115673696776582,3.300018310546875,-3.7540835980688896,-0.4982441658550371,-5.626601768651784
AVY,3.061946902654867,0.06614859338230061,0.18050152369757883,-5.24896265560166,-12827.054166666667,0.17479461984019043,3.6455595402459005,-0.4799652099609375,-0.07443806570070022,-0.518850132250368,1.2022379098188933
CPRT,3.0973451327433628,0.0716429867795683,0.15732817745758126,-5.54356846473029,-12646.225,0.1590846763718901,1.5879801943941858,1.2450027465820312,0.10878466161307332,-0.5037749615478301,3.65479234247748
NDAQ,2.9690265486725664,0.024446452349970792,0.1365507601749941,-5.045643153526971,-12598.620833333332,0.12250320965699903,2.5837928903184975,-2.0400009155273438,-3.19736739059079,-0.5005624339122562,2.261860092087267
IP,2.8624454148471616,0.043826613107899835,-0.01995863281221322,-4.780082987551867,-12720.666666666666,-0.024409139658977775,-3.4648445183558962,1.410003662109375,-51.91574995768577,-0.4834603709605785,1.671781273396775
FRT,2.9911504424778763,-0.014510929830502539,0.0927642143657117,-4.929460580912863,-12451.620833333332,0.11818842376386529,-3.143854001880937,-11.549995422363281,-4.073835199525508,-0.49841610699164246,0.22504216028611476
VNO,2.809734513274336,0.1332107549865193,0.15411715503266615,-4.049792531120332,-11074.395833333334,0.1193888817702359,-4.5854182364890965,-3.0600013732910156,-0.09238581218498088,-0.44863019556511,-0.6523182124423083
HIG,3.041850220264317,0.11506352354307742,0.23308685364109932,-5.124481327800829,-13024.516666666666,0.24491110156456794,0.9770042380469054,0.5999908447265625,-6.102444614100249,-0.5046039622223301,-0.18533968427315714
CNP,3.0,0.09201941142939128,0.06253469901318794,-4.925311203319502,-12363.875,0.05883241787304837,-0.5527091746200399,-0.9899997711181641,-2.3660855897962643,-0.5153595290492469,-1.4667560575725844
SNV,3.0,0.1996239665880452,0.1280883013078389,-4.875518672199171,-12362.25,0.14217771603794455,-1.1856733900065806,6.75,-179.87815869737778,-0.48552874016459385,2.5101756533542616
PHM,2.97787610619469,-0.07666693246437999,0.08462131861905207,-5.402489626556017,-12414.379166666668,0.10506719105051522,2.83387604332712,-0.9899940490722656,-9.443440981859055,-0.5006874257684388,7.303271366031734
ALK,2.911504424778761,0.06306724567709401,0.1074385491584169,-5.132780082987552,-12357.6,0.08505192260138662,-2.0985676176326353,0.4199981689453125,3.411441280460262,-0.4878437448131265,0.28281624091840435
LNT,2.9734513274336285,0.004082069528037824,0.05751017736909219,-5.004149377593361,-12125.708333333334,0.034697969679129706,-2.5692691097604277,0.8700027465820312,-9.044105040129882,-0.5056016246018046,-1.0560779965309315
MTB,2.9026548672566372,0.047323046875545435,0.1613721863321624,-5.033195020746888,-12453.541666666666,0.14445592202951996,-5.248064550371542,8.880020141601562,-1.459152830920608,-0.4826873868222695,7.04981406882474
LVS,3.061946902654867,0.08513280830945644,-0.14177419047515744,-5.589211618257261,-11830.9875,-0.13197241409556876,6.154210123468566,8.610008239746094,-0.952737352145585,-0.4972605268462156,4.086282002195558
NTAP,3.066371681415929,-0.0014122555907401942,0.10972116954671234,-4.8796680497925315,-12706.716666666667,0.06636444289032402,-2.6021720096596086,1.7099990844726562,-0.4346080988518799,-0.4951107250741548,4.473475628278558
AOS,2.936123348017621,-0.008060442774103402,-0.02275012886127211,-5.0995850622406635,-12856.558333333332,0.007645572810387149,0.6870663147512044,14.339996337890625,-0.418948090901896,-0.5027908124346028,4.6891700589329055
PNR,2.9646017699115044,0.08138871247764089,0.0576861073948025,-5.045643153526971,-12813.808333333332,0.052176174061532174,-0.4961121564863664,7.229999542236328,-0.2835792002824006,-0.49306268752855453,-0.35801512681658154
DHI,2.9469026548672566,-0.04885572396179343,0.07693781444077397,-5.435684647302905,-12380.5,0.08644526191855292,7.336293079696424,9.269989013671875,-13.186283064344908,-0.49607065758005864,6.194137402682007
MAS,2.9690265486725664,0.08692903795549199,0.06081924708808801,-4.8962655601659755,-12610.583333333334,0.09728512420332318,-0.9442817328244869,8.400009155273438,-1.2515979574828349,-0.5129033542843785,5.367297709631915
LNC,2.8700440528634363,0.11075215346474955,0.14721676268330317,-4.738589211618257,-11321.270833333334,0.12436106110114105,-7.515699837064158,5.760000228881836,-1.7499946387434557,-0.4763888718575733,2.100232031911626
BR,3.1238938053097347,0.04738379521430455,0.08673553587838152,-4.991701244813278,-12567.229166666666,0.0912966386388922,-1.0908429527111532,13.830001831054688,-197.08136813617895,-0.5143367668647648,2.704413120172389
J,2.8612334801762116,0.0905015574426738,0.0766588174493851,-4.75103734439834,-12863.675,0.05111081583852097,-6.819627679056866,13.5,-0.20911708504609927,-0.5104927694373067,1.4576779962642228
HSIC,2.9801762114537445,0.030771794903572826,-0.00370144913677774,-5.1120331950207465,-12836.879166666668,-0.010318999291958116,-1.6802398709215118,-2.3700027465820312,-11.129362175296379,-0.4999479948713076,-1.4185271785245595
NWSA,2.915929203539823,0.06486789632736518,0.09289672121858678,-4.983402489626556,-12351.054166666667,0.09684912565620303,-0.2649871235043582,-1.8899974822998047,0.14285130406237367,-0.5007304462846827,-0.747121629980715
FMC,2.883259911894273,-0.009131532746752014,0.1395238239517593,-5.195020746887967,-13062.791666666666,0.14426071688975756,-0.4849726548634435,16.589996337890625,4.370416356790629,-0.5028837340988619,4.719914975212958
REG,2.982300884955752,-0.07804355356996392,0.12949921214660035,-4.962655601659751,-12646.829166666666,0.13678465589871938,-1.650441956627588,3.5400009155273438,-6.044230274772742,-0.4957532086472526,0.4137018016506409
WRB,2.83920704845815,0.07730366676377548,0.2868304718546303,-4.79253112033195,-12847.15,0.2828316794581476,0.3258317651991773,-0.660003662109375,0.7846196282320013,-0.4914362704515872,-0.07938252171043536
GILD,3.0486725663716814,0.03939430478996948,0.009248286811196937,-5.448132780082988,-12356.725,0.02610587335221036,6.957409465563659,-5.339996337890625,4.97846165848823,-0.5205752622396502,1.4285718244237984
INCY,2.8584070796460175,0.014636059611535447,0.08951549793748924,-4.775933609958506,-13768.116666666667,0.09982271659173739,-0.14307264175608225,-1.8300018310546875,-1.0029208150120694,-0.5136662165251448,-0.1758382968772526
JCI,2.995575221238938,-0.009841791163369662,0.20012176632848935,-5.1120331950207465,-12537.316666666668,0.1912578652003914,2.5265016287256135,14.669998168945312,-1.384244918210174,-0.504235683114756,3.246980121610057
VTR,2.9424778761061945,0.12266713195090015,0.12046917470330912,-4.622406639004149,-12694.770833333334,0.078958349292055,-3.7166717995971537,2.2200050354003906,-0.7944969797411994,-0.49806314863218626,0.9799459770028008
IRM,2.933628318584071,0.05195217446998063,0.08709013910532053,-5.153526970954357,-12914.1,0.06927093173412877,-0.2511054755092632,3.8700027465820312,-6.909071993341656,-0.4969222258400935,0.687417639285803
AJG,3.088495575221239,0.11682105843434053,0.019055243495169415,-5.215767634854772,-12781.55,0.011406172375489576,6.949456107779371,-10.650009155273438,-6.616675876996583,-0.5156654537382928,5.628543772037234
ZBRA,2.911504424778761,-0.005167229415169295,-0.021999739567760194,-4.804979253112033,-12209.8375,-0.019727434550408797,-23.52696707519157,37.800018310546875,-0.839553109894335,-0.49691509334454914,-0.4404512551006228
CLX,2.9517543859649122,-0.06121567343224807,0.10032576661681145,-5.265560165975104,-12352.8125,0.07026562965996784,1.0980813367406081,7.71002197265625,-3.2041035405964347,-0.5051904414444216,1.6145390732812175
